ISO-10303-21;
HEADER;
/* Generated by software containing ST-Developer
 * from STEP Tools, Inc. (www.steptools.com) 
 */
/* OPTION: using custom renumber hook */

FILE_DESCRIPTION(
/* description */ ('STEP AP242 Edition 2',
'CAx-IF Rec.Pracs.---Representation and Presentation of Product Manufa
cturing Information (PMI)---4.0---2014-10-13',
'CAx-IF Rec.Pracs.---3D Tessellated Geometry---0.4---2014-09-14','2;1',
'CAx-IF Rec.Pracs.---User Defined Attributes---1.5---2016-08-15'),
/* implementation_level */ '2;1');

FILE_NAME(
/* name */ 'encoder cap',
/* time_stamp */ '2026-08-22T13:32:06Z',
/* author */ (''),
/* organization */ (''),
/* preprocessor_version */ 'ST-DEVELOPER v20',
/* originating_system */ 'ONSHAPE BY PTC INC, 1.219',
/* authorisation */ '  ');

FILE_SCHEMA (('AP242_MANAGED_MODEL_BASED_3D_ENGINEERING_MIM_LF { 1 0 10303 442 3 1 4 }'));
ENDSEC;

DATA;
#10=SHAPE_REPRESENTATION_RELATIONSHIP('','',#3071,#11);
#11=ADVANCED_BREP_SHAPE_REPRESENTATION('',(#3069),#4949);
#12=CYLINDRICAL_SURFACE('',#3132,0.0075);
#13=CYLINDRICAL_SURFACE('',#3260,0.003);
#14=CYLINDRICAL_SURFACE('',#3264,0.0045);
#15=CIRCLE('',#3131,0.0075);
#16=CIRCLE('',#3133,0.0075);
#17=CIRCLE('',#3134,0.0075);
#18=CIRCLE('',#3135,0.0075);
#19=CIRCLE('',#3136,0.0075);
#20=CIRCLE('',#3137,0.0075);
#21=CIRCLE('',#3138,0.0075);
#22=CIRCLE('',#3139,0.0075);
#23=CIRCLE('',#3140,0.0075);
#24=CIRCLE('',#3141,0.0075);
#25=CIRCLE('',#3142,0.0075);
#26=CIRCLE('',#3143,0.0075);
#27=CIRCLE('',#3144,0.0075);
#28=CIRCLE('',#3145,0.0075);
#29=CIRCLE('',#3146,0.0075);
#30=CIRCLE('',#3147,0.0075);
#31=CIRCLE('',#3148,0.0075);
#32=CIRCLE('',#3149,0.0075);
#33=CIRCLE('',#3150,0.0075);
#34=CIRCLE('',#3151,0.0075);
#35=CIRCLE('',#3152,0.0075);
#36=CIRCLE('',#3153,0.0075);
#37=CIRCLE('',#3154,0.0075);
#38=CIRCLE('',#3155,0.0075);
#39=CIRCLE('',#3156,0.0075);
#40=CIRCLE('',#3157,0.0075);
#41=CIRCLE('',#3158,0.0075);
#42=CIRCLE('',#3159,0.0075);
#43=CIRCLE('',#3160,0.0075);
#44=CIRCLE('',#3161,0.0075);
#45=CIRCLE('',#3162,0.0075);
#46=CIRCLE('',#3163,0.0075);
#47=CIRCLE('',#3164,0.0075);
#48=CIRCLE('',#3165,0.0075);
#49=CIRCLE('',#3166,0.0075);
#50=CIRCLE('',#3167,0.0075);
#51=CIRCLE('',#3168,0.0075);
#52=CIRCLE('',#3169,0.0075);
#53=CIRCLE('',#3170,0.0075);
#54=CIRCLE('',#3171,0.0075);
#55=CIRCLE('',#3256,0.0045);
#56=CIRCLE('',#3258,0.003);
#57=CIRCLE('',#3261,0.003);
#58=CIRCLE('',#3263,0.0045);
#59=ORIENTED_EDGE('',*,*,#895,.T.);
#60=ORIENTED_EDGE('',*,*,#896,.T.);
#61=ORIENTED_EDGE('',*,*,#897,.T.);
#62=ORIENTED_EDGE('',*,*,#898,.T.);
#63=ORIENTED_EDGE('',*,*,#899,.F.);
#64=ORIENTED_EDGE('',*,*,#900,.F.);
#65=ORIENTED_EDGE('',*,*,#901,.F.);
#66=ORIENTED_EDGE('',*,*,#902,.F.);
#67=ORIENTED_EDGE('',*,*,#897,.F.);
#68=ORIENTED_EDGE('',*,*,#903,.T.);
#69=ORIENTED_EDGE('',*,*,#902,.T.);
#70=ORIENTED_EDGE('',*,*,#904,.T.);
#71=ORIENTED_EDGE('',*,*,#905,.T.);
#72=ORIENTED_EDGE('',*,*,#906,.T.);
#73=ORIENTED_EDGE('',*,*,#907,.T.);
#74=ORIENTED_EDGE('',*,*,#908,.T.);
#75=ORIENTED_EDGE('',*,*,#909,.F.);
#76=ORIENTED_EDGE('',*,*,#910,.F.);
#77=ORIENTED_EDGE('',*,*,#911,.F.);
#78=ORIENTED_EDGE('',*,*,#912,.F.);
#79=ORIENTED_EDGE('',*,*,#907,.F.);
#80=ORIENTED_EDGE('',*,*,#913,.T.);
#81=ORIENTED_EDGE('',*,*,#912,.T.);
#82=ORIENTED_EDGE('',*,*,#914,.T.);
#83=ORIENTED_EDGE('',*,*,#915,.T.);
#84=ORIENTED_EDGE('',*,*,#916,.T.);
#85=ORIENTED_EDGE('',*,*,#917,.T.);
#86=ORIENTED_EDGE('',*,*,#918,.T.);
#87=ORIENTED_EDGE('',*,*,#919,.F.);
#88=ORIENTED_EDGE('',*,*,#920,.F.);
#89=ORIENTED_EDGE('',*,*,#921,.F.);
#90=ORIENTED_EDGE('',*,*,#922,.F.);
#91=ORIENTED_EDGE('',*,*,#917,.F.);
#92=ORIENTED_EDGE('',*,*,#923,.T.);
#93=ORIENTED_EDGE('',*,*,#922,.T.);
#94=ORIENTED_EDGE('',*,*,#924,.T.);
#95=ORIENTED_EDGE('',*,*,#925,.T.);
#96=ORIENTED_EDGE('',*,*,#926,.T.);
#97=ORIENTED_EDGE('',*,*,#927,.T.);
#98=ORIENTED_EDGE('',*,*,#928,.T.);
#99=ORIENTED_EDGE('',*,*,#929,.F.);
#100=ORIENTED_EDGE('',*,*,#930,.F.);
#101=ORIENTED_EDGE('',*,*,#931,.F.);
#102=ORIENTED_EDGE('',*,*,#932,.F.);
#103=ORIENTED_EDGE('',*,*,#927,.F.);
#104=ORIENTED_EDGE('',*,*,#933,.T.);
#105=ORIENTED_EDGE('',*,*,#932,.T.);
#106=ORIENTED_EDGE('',*,*,#934,.T.);
#107=ORIENTED_EDGE('',*,*,#935,.T.);
#108=ORIENTED_EDGE('',*,*,#936,.T.);
#109=ORIENTED_EDGE('',*,*,#937,.T.);
#110=ORIENTED_EDGE('',*,*,#938,.T.);
#111=ORIENTED_EDGE('',*,*,#939,.F.);
#112=ORIENTED_EDGE('',*,*,#940,.F.);
#113=ORIENTED_EDGE('',*,*,#941,.F.);
#114=ORIENTED_EDGE('',*,*,#942,.F.);
#115=ORIENTED_EDGE('',*,*,#937,.F.);
#116=ORIENTED_EDGE('',*,*,#943,.T.);
#117=ORIENTED_EDGE('',*,*,#942,.T.);
#118=ORIENTED_EDGE('',*,*,#944,.T.);
#119=ORIENTED_EDGE('',*,*,#945,.T.);
#120=ORIENTED_EDGE('',*,*,#946,.T.);
#121=ORIENTED_EDGE('',*,*,#947,.T.);
#122=ORIENTED_EDGE('',*,*,#948,.T.);
#123=ORIENTED_EDGE('',*,*,#949,.F.);
#124=ORIENTED_EDGE('',*,*,#950,.F.);
#125=ORIENTED_EDGE('',*,*,#951,.F.);
#126=ORIENTED_EDGE('',*,*,#952,.F.);
#127=ORIENTED_EDGE('',*,*,#947,.F.);
#128=ORIENTED_EDGE('',*,*,#953,.T.);
#129=ORIENTED_EDGE('',*,*,#952,.T.);
#130=ORIENTED_EDGE('',*,*,#954,.T.);
#131=ORIENTED_EDGE('',*,*,#955,.T.);
#132=ORIENTED_EDGE('',*,*,#956,.T.);
#133=ORIENTED_EDGE('',*,*,#957,.T.);
#134=ORIENTED_EDGE('',*,*,#958,.T.);
#135=ORIENTED_EDGE('',*,*,#959,.F.);
#136=ORIENTED_EDGE('',*,*,#960,.F.);
#137=ORIENTED_EDGE('',*,*,#961,.F.);
#138=ORIENTED_EDGE('',*,*,#962,.F.);
#139=ORIENTED_EDGE('',*,*,#957,.F.);
#140=ORIENTED_EDGE('',*,*,#963,.T.);
#141=ORIENTED_EDGE('',*,*,#962,.T.);
#142=ORIENTED_EDGE('',*,*,#964,.T.);
#143=ORIENTED_EDGE('',*,*,#965,.T.);
#144=ORIENTED_EDGE('',*,*,#966,.T.);
#145=ORIENTED_EDGE('',*,*,#967,.T.);
#146=ORIENTED_EDGE('',*,*,#968,.T.);
#147=ORIENTED_EDGE('',*,*,#969,.F.);
#148=ORIENTED_EDGE('',*,*,#970,.F.);
#149=ORIENTED_EDGE('',*,*,#971,.F.);
#150=ORIENTED_EDGE('',*,*,#972,.F.);
#151=ORIENTED_EDGE('',*,*,#967,.F.);
#152=ORIENTED_EDGE('',*,*,#973,.T.);
#153=ORIENTED_EDGE('',*,*,#972,.T.);
#154=ORIENTED_EDGE('',*,*,#974,.T.);
#155=ORIENTED_EDGE('',*,*,#975,.T.);
#156=ORIENTED_EDGE('',*,*,#976,.T.);
#157=ORIENTED_EDGE('',*,*,#977,.T.);
#158=ORIENTED_EDGE('',*,*,#978,.T.);
#159=ORIENTED_EDGE('',*,*,#979,.F.);
#160=ORIENTED_EDGE('',*,*,#980,.F.);
#161=ORIENTED_EDGE('',*,*,#981,.F.);
#162=ORIENTED_EDGE('',*,*,#982,.F.);
#163=ORIENTED_EDGE('',*,*,#977,.F.);
#164=ORIENTED_EDGE('',*,*,#983,.T.);
#165=ORIENTED_EDGE('',*,*,#982,.T.);
#166=ORIENTED_EDGE('',*,*,#984,.T.);
#167=ORIENTED_EDGE('',*,*,#985,.T.);
#168=ORIENTED_EDGE('',*,*,#986,.T.);
#169=ORIENTED_EDGE('',*,*,#987,.T.);
#170=ORIENTED_EDGE('',*,*,#988,.T.);
#171=ORIENTED_EDGE('',*,*,#989,.F.);
#172=ORIENTED_EDGE('',*,*,#990,.F.);
#173=ORIENTED_EDGE('',*,*,#991,.F.);
#174=ORIENTED_EDGE('',*,*,#992,.F.);
#175=ORIENTED_EDGE('',*,*,#987,.F.);
#176=ORIENTED_EDGE('',*,*,#993,.T.);
#177=ORIENTED_EDGE('',*,*,#992,.T.);
#178=ORIENTED_EDGE('',*,*,#994,.T.);
#179=ORIENTED_EDGE('',*,*,#995,.T.);
#180=ORIENTED_EDGE('',*,*,#996,.T.);
#181=ORIENTED_EDGE('',*,*,#997,.T.);
#182=ORIENTED_EDGE('',*,*,#998,.T.);
#183=ORIENTED_EDGE('',*,*,#999,.F.);
#184=ORIENTED_EDGE('',*,*,#1000,.F.);
#185=ORIENTED_EDGE('',*,*,#1001,.F.);
#186=ORIENTED_EDGE('',*,*,#1002,.F.);
#187=ORIENTED_EDGE('',*,*,#997,.F.);
#188=ORIENTED_EDGE('',*,*,#1003,.T.);
#189=ORIENTED_EDGE('',*,*,#1002,.T.);
#190=ORIENTED_EDGE('',*,*,#1004,.T.);
#191=ORIENTED_EDGE('',*,*,#1005,.T.);
#192=ORIENTED_EDGE('',*,*,#1006,.T.);
#193=ORIENTED_EDGE('',*,*,#1007,.T.);
#194=ORIENTED_EDGE('',*,*,#1008,.T.);
#195=ORIENTED_EDGE('',*,*,#1009,.F.);
#196=ORIENTED_EDGE('',*,*,#1010,.F.);
#197=ORIENTED_EDGE('',*,*,#1011,.F.);
#198=ORIENTED_EDGE('',*,*,#1012,.F.);
#199=ORIENTED_EDGE('',*,*,#1007,.F.);
#200=ORIENTED_EDGE('',*,*,#1013,.T.);
#201=ORIENTED_EDGE('',*,*,#1012,.T.);
#202=ORIENTED_EDGE('',*,*,#1014,.T.);
#203=ORIENTED_EDGE('',*,*,#1015,.T.);
#204=ORIENTED_EDGE('',*,*,#1016,.T.);
#205=ORIENTED_EDGE('',*,*,#1017,.T.);
#206=ORIENTED_EDGE('',*,*,#1018,.T.);
#207=ORIENTED_EDGE('',*,*,#1019,.F.);
#208=ORIENTED_EDGE('',*,*,#1020,.F.);
#209=ORIENTED_EDGE('',*,*,#1021,.F.);
#210=ORIENTED_EDGE('',*,*,#1022,.F.);
#211=ORIENTED_EDGE('',*,*,#1017,.F.);
#212=ORIENTED_EDGE('',*,*,#1023,.T.);
#213=ORIENTED_EDGE('',*,*,#1022,.T.);
#214=ORIENTED_EDGE('',*,*,#1024,.T.);
#215=ORIENTED_EDGE('',*,*,#1025,.T.);
#216=ORIENTED_EDGE('',*,*,#1026,.T.);
#217=ORIENTED_EDGE('',*,*,#1027,.T.);
#218=ORIENTED_EDGE('',*,*,#1028,.T.);
#219=ORIENTED_EDGE('',*,*,#1029,.F.);
#220=ORIENTED_EDGE('',*,*,#1030,.F.);
#221=ORIENTED_EDGE('',*,*,#1031,.F.);
#222=ORIENTED_EDGE('',*,*,#1032,.F.);
#223=ORIENTED_EDGE('',*,*,#1027,.F.);
#224=ORIENTED_EDGE('',*,*,#1033,.T.);
#225=ORIENTED_EDGE('',*,*,#1032,.T.);
#226=ORIENTED_EDGE('',*,*,#1034,.T.);
#227=ORIENTED_EDGE('',*,*,#1035,.T.);
#228=ORIENTED_EDGE('',*,*,#1036,.T.);
#229=ORIENTED_EDGE('',*,*,#1037,.T.);
#230=ORIENTED_EDGE('',*,*,#1038,.T.);
#231=ORIENTED_EDGE('',*,*,#1039,.F.);
#232=ORIENTED_EDGE('',*,*,#1040,.F.);
#233=ORIENTED_EDGE('',*,*,#1041,.F.);
#234=ORIENTED_EDGE('',*,*,#1042,.F.);
#235=ORIENTED_EDGE('',*,*,#1037,.F.);
#236=ORIENTED_EDGE('',*,*,#1043,.T.);
#237=ORIENTED_EDGE('',*,*,#1042,.T.);
#238=ORIENTED_EDGE('',*,*,#1044,.T.);
#239=ORIENTED_EDGE('',*,*,#1045,.T.);
#240=ORIENTED_EDGE('',*,*,#1046,.T.);
#241=ORIENTED_EDGE('',*,*,#1047,.T.);
#242=ORIENTED_EDGE('',*,*,#1048,.T.);
#243=ORIENTED_EDGE('',*,*,#1049,.F.);
#244=ORIENTED_EDGE('',*,*,#1050,.F.);
#245=ORIENTED_EDGE('',*,*,#1051,.F.);
#246=ORIENTED_EDGE('',*,*,#1052,.F.);
#247=ORIENTED_EDGE('',*,*,#1047,.F.);
#248=ORIENTED_EDGE('',*,*,#1053,.T.);
#249=ORIENTED_EDGE('',*,*,#1052,.T.);
#250=ORIENTED_EDGE('',*,*,#1054,.T.);
#251=ORIENTED_EDGE('',*,*,#1055,.T.);
#252=ORIENTED_EDGE('',*,*,#1056,.T.);
#253=ORIENTED_EDGE('',*,*,#1057,.T.);
#254=ORIENTED_EDGE('',*,*,#1058,.T.);
#255=ORIENTED_EDGE('',*,*,#1059,.F.);
#256=ORIENTED_EDGE('',*,*,#1060,.F.);
#257=ORIENTED_EDGE('',*,*,#1061,.F.);
#258=ORIENTED_EDGE('',*,*,#1062,.F.);
#259=ORIENTED_EDGE('',*,*,#1057,.F.);
#260=ORIENTED_EDGE('',*,*,#1063,.T.);
#261=ORIENTED_EDGE('',*,*,#1062,.T.);
#262=ORIENTED_EDGE('',*,*,#1064,.T.);
#263=ORIENTED_EDGE('',*,*,#1065,.T.);
#264=ORIENTED_EDGE('',*,*,#1066,.T.);
#265=ORIENTED_EDGE('',*,*,#1067,.T.);
#266=ORIENTED_EDGE('',*,*,#1068,.T.);
#267=ORIENTED_EDGE('',*,*,#1069,.F.);
#268=ORIENTED_EDGE('',*,*,#1070,.F.);
#269=ORIENTED_EDGE('',*,*,#1071,.F.);
#270=ORIENTED_EDGE('',*,*,#1072,.F.);
#271=ORIENTED_EDGE('',*,*,#1067,.F.);
#272=ORIENTED_EDGE('',*,*,#1073,.T.);
#273=ORIENTED_EDGE('',*,*,#1072,.T.);
#274=ORIENTED_EDGE('',*,*,#1074,.T.);
#275=ORIENTED_EDGE('',*,*,#1075,.T.);
#276=ORIENTED_EDGE('',*,*,#1076,.T.);
#277=ORIENTED_EDGE('',*,*,#1077,.T.);
#278=ORIENTED_EDGE('',*,*,#1078,.T.);
#279=ORIENTED_EDGE('',*,*,#1079,.F.);
#280=ORIENTED_EDGE('',*,*,#1080,.F.);
#281=ORIENTED_EDGE('',*,*,#1081,.F.);
#282=ORIENTED_EDGE('',*,*,#1082,.F.);
#283=ORIENTED_EDGE('',*,*,#1077,.F.);
#284=ORIENTED_EDGE('',*,*,#1083,.T.);
#285=ORIENTED_EDGE('',*,*,#1082,.T.);
#286=ORIENTED_EDGE('',*,*,#1084,.T.);
#287=ORIENTED_EDGE('',*,*,#1085,.T.);
#288=ORIENTED_EDGE('',*,*,#1086,.T.);
#289=ORIENTED_EDGE('',*,*,#1087,.T.);
#290=ORIENTED_EDGE('',*,*,#1088,.T.);
#291=ORIENTED_EDGE('',*,*,#1089,.T.);
#292=ORIENTED_EDGE('',*,*,#1090,.T.);
#293=ORIENTED_EDGE('',*,*,#1091,.T.);
#294=ORIENTED_EDGE('',*,*,#1092,.T.);
#295=ORIENTED_EDGE('',*,*,#1093,.T.);
#296=ORIENTED_EDGE('',*,*,#1094,.T.);
#297=ORIENTED_EDGE('',*,*,#1095,.T.);
#298=ORIENTED_EDGE('',*,*,#1096,.T.);
#299=ORIENTED_EDGE('',*,*,#1097,.T.);
#300=ORIENTED_EDGE('',*,*,#1098,.T.);
#301=ORIENTED_EDGE('',*,*,#1099,.T.);
#302=ORIENTED_EDGE('',*,*,#1100,.T.);
#303=ORIENTED_EDGE('',*,*,#1101,.T.);
#304=ORIENTED_EDGE('',*,*,#1102,.T.);
#305=ORIENTED_EDGE('',*,*,#970,.T.);
#306=ORIENTED_EDGE('',*,*,#1103,.T.);
#307=ORIENTED_EDGE('',*,*,#965,.F.);
#308=ORIENTED_EDGE('',*,*,#1104,.T.);
#309=ORIENTED_EDGE('',*,*,#1105,.T.);
#310=ORIENTED_EDGE('',*,*,#985,.F.);
#311=ORIENTED_EDGE('',*,*,#1106,.T.);
#312=ORIENTED_EDGE('',*,*,#990,.T.);
#313=ORIENTED_EDGE('',*,*,#1107,.T.);
#314=ORIENTED_EDGE('',*,*,#995,.F.);
#315=ORIENTED_EDGE('',*,*,#1108,.T.);
#316=ORIENTED_EDGE('',*,*,#1000,.T.);
#317=ORIENTED_EDGE('',*,*,#1109,.T.);
#318=ORIENTED_EDGE('',*,*,#935,.F.);
#319=ORIENTED_EDGE('',*,*,#1110,.T.);
#320=ORIENTED_EDGE('',*,*,#940,.T.);
#321=ORIENTED_EDGE('',*,*,#1111,.T.);
#322=ORIENTED_EDGE('',*,*,#905,.F.);
#323=ORIENTED_EDGE('',*,*,#1112,.T.);
#324=ORIENTED_EDGE('',*,*,#910,.T.);
#325=ORIENTED_EDGE('',*,*,#1113,.T.);
#326=ORIENTED_EDGE('',*,*,#1015,.F.);
#327=ORIENTED_EDGE('',*,*,#1114,.T.);
#328=ORIENTED_EDGE('',*,*,#1020,.T.);
#329=ORIENTED_EDGE('',*,*,#1115,.T.);
#330=ORIENTED_EDGE('',*,*,#955,.F.);
#331=ORIENTED_EDGE('',*,*,#1116,.T.);
#332=ORIENTED_EDGE('',*,*,#960,.T.);
#333=ORIENTED_EDGE('',*,*,#1117,.T.);
#334=ORIENTED_EDGE('',*,*,#1045,.F.);
#335=ORIENTED_EDGE('',*,*,#1118,.T.);
#336=ORIENTED_EDGE('',*,*,#1050,.T.);
#337=ORIENTED_EDGE('',*,*,#1119,.T.);
#338=ORIENTED_EDGE('',*,*,#1075,.F.);
#339=ORIENTED_EDGE('',*,*,#1120,.T.);
#340=ORIENTED_EDGE('',*,*,#1080,.T.);
#341=ORIENTED_EDGE('',*,*,#1121,.T.);
#342=ORIENTED_EDGE('',*,*,#915,.F.);
#343=ORIENTED_EDGE('',*,*,#1122,.T.);
#344=ORIENTED_EDGE('',*,*,#920,.T.);
#345=ORIENTED_EDGE('',*,*,#1123,.T.);
#346=ORIENTED_EDGE('',*,*,#1005,.F.);
#347=ORIENTED_EDGE('',*,*,#1124,.T.);
#348=ORIENTED_EDGE('',*,*,#1010,.T.);
#349=ORIENTED_EDGE('',*,*,#1125,.T.);
#350=ORIENTED_EDGE('',*,*,#895,.F.);
#351=ORIENTED_EDGE('',*,*,#1126,.T.);
#352=ORIENTED_EDGE('',*,*,#900,.T.);
#353=ORIENTED_EDGE('',*,*,#1127,.T.);
#354=ORIENTED_EDGE('',*,*,#945,.F.);
#355=ORIENTED_EDGE('',*,*,#1128,.T.);
#356=ORIENTED_EDGE('',*,*,#950,.T.);
#357=ORIENTED_EDGE('',*,*,#1129,.T.);
#358=ORIENTED_EDGE('',*,*,#1035,.F.);
#359=ORIENTED_EDGE('',*,*,#1130,.T.);
#360=ORIENTED_EDGE('',*,*,#1040,.T.);
#361=ORIENTED_EDGE('',*,*,#1131,.T.);
#362=ORIENTED_EDGE('',*,*,#1055,.F.);
#363=ORIENTED_EDGE('',*,*,#1132,.T.);
#364=ORIENTED_EDGE('',*,*,#1060,.T.);
#365=ORIENTED_EDGE('',*,*,#1133,.T.);
#366=ORIENTED_EDGE('',*,*,#1025,.F.);
#367=ORIENTED_EDGE('',*,*,#1134,.T.);
#368=ORIENTED_EDGE('',*,*,#1030,.T.);
#369=ORIENTED_EDGE('',*,*,#1135,.T.);
#370=ORIENTED_EDGE('',*,*,#975,.F.);
#371=ORIENTED_EDGE('',*,*,#1136,.T.);
#372=ORIENTED_EDGE('',*,*,#980,.T.);
#373=ORIENTED_EDGE('',*,*,#1137,.T.);
#374=ORIENTED_EDGE('',*,*,#925,.F.);
#375=ORIENTED_EDGE('',*,*,#1138,.T.);
#376=ORIENTED_EDGE('',*,*,#930,.T.);
#377=ORIENTED_EDGE('',*,*,#1139,.T.);
#378=ORIENTED_EDGE('',*,*,#1065,.F.);
#379=ORIENTED_EDGE('',*,*,#1140,.T.);
#380=ORIENTED_EDGE('',*,*,#1070,.T.);
#381=ORIENTED_EDGE('',*,*,#1085,.F.);
#382=ORIENTED_EDGE('',*,*,#1078,.F.);
#383=ORIENTED_EDGE('',*,*,#1084,.F.);
#384=ORIENTED_EDGE('',*,*,#1081,.T.);
#385=ORIENTED_EDGE('',*,*,#1120,.F.);
#386=ORIENTED_EDGE('',*,*,#1068,.F.);
#387=ORIENTED_EDGE('',*,*,#1074,.F.);
#388=ORIENTED_EDGE('',*,*,#1071,.T.);
#389=ORIENTED_EDGE('',*,*,#1140,.F.);
#390=ORIENTED_EDGE('',*,*,#1058,.F.);
#391=ORIENTED_EDGE('',*,*,#1064,.F.);
#392=ORIENTED_EDGE('',*,*,#1061,.T.);
#393=ORIENTED_EDGE('',*,*,#1132,.F.);
#394=ORIENTED_EDGE('',*,*,#1048,.F.);
#395=ORIENTED_EDGE('',*,*,#1054,.F.);
#396=ORIENTED_EDGE('',*,*,#1051,.T.);
#397=ORIENTED_EDGE('',*,*,#1118,.F.);
#398=ORIENTED_EDGE('',*,*,#1038,.F.);
#399=ORIENTED_EDGE('',*,*,#1044,.F.);
#400=ORIENTED_EDGE('',*,*,#1041,.T.);
#401=ORIENTED_EDGE('',*,*,#1130,.F.);
#402=ORIENTED_EDGE('',*,*,#1028,.F.);
#403=ORIENTED_EDGE('',*,*,#1034,.F.);
#404=ORIENTED_EDGE('',*,*,#1031,.T.);
#405=ORIENTED_EDGE('',*,*,#1134,.F.);
#406=ORIENTED_EDGE('',*,*,#1018,.F.);
#407=ORIENTED_EDGE('',*,*,#1024,.F.);
#408=ORIENTED_EDGE('',*,*,#1021,.T.);
#409=ORIENTED_EDGE('',*,*,#1114,.F.);
#410=ORIENTED_EDGE('',*,*,#1008,.F.);
#411=ORIENTED_EDGE('',*,*,#1014,.F.);
#412=ORIENTED_EDGE('',*,*,#1011,.T.);
#413=ORIENTED_EDGE('',*,*,#1124,.F.);
#414=ORIENTED_EDGE('',*,*,#998,.F.);
#415=ORIENTED_EDGE('',*,*,#1004,.F.);
#416=ORIENTED_EDGE('',*,*,#1001,.T.);
#417=ORIENTED_EDGE('',*,*,#1108,.F.);
#418=ORIENTED_EDGE('',*,*,#988,.F.);
#419=ORIENTED_EDGE('',*,*,#994,.F.);
#420=ORIENTED_EDGE('',*,*,#991,.T.);
#421=ORIENTED_EDGE('',*,*,#1106,.F.);
#422=ORIENTED_EDGE('',*,*,#978,.F.);
#423=ORIENTED_EDGE('',*,*,#984,.F.);
#424=ORIENTED_EDGE('',*,*,#981,.T.);
#425=ORIENTED_EDGE('',*,*,#1136,.F.);
#426=ORIENTED_EDGE('',*,*,#968,.F.);
#427=ORIENTED_EDGE('',*,*,#974,.F.);
#428=ORIENTED_EDGE('',*,*,#971,.T.);
#429=ORIENTED_EDGE('',*,*,#1104,.F.);
#430=ORIENTED_EDGE('',*,*,#958,.F.);
#431=ORIENTED_EDGE('',*,*,#964,.F.);
#432=ORIENTED_EDGE('',*,*,#961,.T.);
#433=ORIENTED_EDGE('',*,*,#1116,.F.);
#434=ORIENTED_EDGE('',*,*,#948,.F.);
#435=ORIENTED_EDGE('',*,*,#954,.F.);
#436=ORIENTED_EDGE('',*,*,#951,.T.);
#437=ORIENTED_EDGE('',*,*,#1128,.F.);
#438=ORIENTED_EDGE('',*,*,#938,.F.);
#439=ORIENTED_EDGE('',*,*,#944,.F.);
#440=ORIENTED_EDGE('',*,*,#941,.T.);
#441=ORIENTED_EDGE('',*,*,#1110,.F.);
#442=ORIENTED_EDGE('',*,*,#928,.F.);
#443=ORIENTED_EDGE('',*,*,#934,.F.);
#444=ORIENTED_EDGE('',*,*,#931,.T.);
#445=ORIENTED_EDGE('',*,*,#1138,.F.);
#446=ORIENTED_EDGE('',*,*,#918,.F.);
#447=ORIENTED_EDGE('',*,*,#924,.F.);
#448=ORIENTED_EDGE('',*,*,#921,.T.);
#449=ORIENTED_EDGE('',*,*,#1122,.F.);
#450=ORIENTED_EDGE('',*,*,#908,.F.);
#451=ORIENTED_EDGE('',*,*,#914,.F.);
#452=ORIENTED_EDGE('',*,*,#911,.T.);
#453=ORIENTED_EDGE('',*,*,#1112,.F.);
#454=ORIENTED_EDGE('',*,*,#898,.F.);
#455=ORIENTED_EDGE('',*,*,#904,.F.);
#456=ORIENTED_EDGE('',*,*,#901,.T.);
#457=ORIENTED_EDGE('',*,*,#1126,.F.);
#458=ORIENTED_EDGE('',*,*,#1141,.F.);
#459=ORIENTED_EDGE('',*,*,#1142,.F.);
#460=ORIENTED_EDGE('',*,*,#1143,.T.);
#461=ORIENTED_EDGE('',*,*,#1144,.T.);
#462=ORIENTED_EDGE('',*,*,#1145,.F.);
#463=ORIENTED_EDGE('',*,*,#1146,.F.);
#464=ORIENTED_EDGE('',*,*,#1147,.T.);
#465=ORIENTED_EDGE('',*,*,#1142,.T.);
#466=ORIENTED_EDGE('',*,*,#1148,.F.);
#467=ORIENTED_EDGE('',*,*,#1149,.F.);
#468=ORIENTED_EDGE('',*,*,#1150,.T.);
#469=ORIENTED_EDGE('',*,*,#1146,.T.);
#470=ORIENTED_EDGE('',*,*,#1151,.F.);
#471=ORIENTED_EDGE('',*,*,#1152,.F.);
#472=ORIENTED_EDGE('',*,*,#1153,.T.);
#473=ORIENTED_EDGE('',*,*,#1149,.T.);
#474=ORIENTED_EDGE('',*,*,#1154,.F.);
#475=ORIENTED_EDGE('',*,*,#1155,.F.);
#476=ORIENTED_EDGE('',*,*,#1156,.T.);
#477=ORIENTED_EDGE('',*,*,#1152,.T.);
#478=ORIENTED_EDGE('',*,*,#1157,.F.);
#479=ORIENTED_EDGE('',*,*,#1158,.F.);
#480=ORIENTED_EDGE('',*,*,#1159,.T.);
#481=ORIENTED_EDGE('',*,*,#1155,.T.);
#482=ORIENTED_EDGE('',*,*,#1160,.F.);
#483=ORIENTED_EDGE('',*,*,#1161,.F.);
#484=ORIENTED_EDGE('',*,*,#1162,.T.);
#485=ORIENTED_EDGE('',*,*,#1158,.T.);
#486=ORIENTED_EDGE('',*,*,#1163,.F.);
#487=ORIENTED_EDGE('',*,*,#1164,.F.);
#488=ORIENTED_EDGE('',*,*,#1165,.T.);
#489=ORIENTED_EDGE('',*,*,#1161,.T.);
#490=ORIENTED_EDGE('',*,*,#1166,.F.);
#491=ORIENTED_EDGE('',*,*,#1167,.F.);
#492=ORIENTED_EDGE('',*,*,#1168,.T.);
#493=ORIENTED_EDGE('',*,*,#1164,.T.);
#494=ORIENTED_EDGE('',*,*,#1169,.F.);
#495=ORIENTED_EDGE('',*,*,#1170,.F.);
#496=ORIENTED_EDGE('',*,*,#1171,.T.);
#497=ORIENTED_EDGE('',*,*,#1167,.T.);
#498=ORIENTED_EDGE('',*,*,#1172,.F.);
#499=ORIENTED_EDGE('',*,*,#1173,.F.);
#500=ORIENTED_EDGE('',*,*,#1174,.T.);
#501=ORIENTED_EDGE('',*,*,#1170,.T.);
#502=ORIENTED_EDGE('',*,*,#1175,.F.);
#503=ORIENTED_EDGE('',*,*,#1176,.F.);
#504=ORIENTED_EDGE('',*,*,#1177,.T.);
#505=ORIENTED_EDGE('',*,*,#1173,.T.);
#506=ORIENTED_EDGE('',*,*,#1178,.F.);
#507=ORIENTED_EDGE('',*,*,#1179,.F.);
#508=ORIENTED_EDGE('',*,*,#1180,.T.);
#509=ORIENTED_EDGE('',*,*,#1176,.T.);
#510=ORIENTED_EDGE('',*,*,#1181,.F.);
#511=ORIENTED_EDGE('',*,*,#1182,.F.);
#512=ORIENTED_EDGE('',*,*,#1183,.T.);
#513=ORIENTED_EDGE('',*,*,#1179,.T.);
#514=ORIENTED_EDGE('',*,*,#1184,.F.);
#515=ORIENTED_EDGE('',*,*,#1185,.F.);
#516=ORIENTED_EDGE('',*,*,#1186,.T.);
#517=ORIENTED_EDGE('',*,*,#1182,.T.);
#518=ORIENTED_EDGE('',*,*,#1087,.F.);
#519=ORIENTED_EDGE('',*,*,#1187,.F.);
#520=ORIENTED_EDGE('',*,*,#1188,.T.);
#521=ORIENTED_EDGE('',*,*,#1189,.T.);
#522=ORIENTED_EDGE('',*,*,#1086,.F.);
#523=ORIENTED_EDGE('',*,*,#1190,.F.);
#524=ORIENTED_EDGE('',*,*,#1191,.T.);
#525=ORIENTED_EDGE('',*,*,#1187,.T.);
#526=ORIENTED_EDGE('',*,*,#1101,.F.);
#527=ORIENTED_EDGE('',*,*,#1192,.F.);
#528=ORIENTED_EDGE('',*,*,#1193,.T.);
#529=ORIENTED_EDGE('',*,*,#1190,.T.);
#530=ORIENTED_EDGE('',*,*,#1100,.F.);
#531=ORIENTED_EDGE('',*,*,#1194,.F.);
#532=ORIENTED_EDGE('',*,*,#1195,.T.);
#533=ORIENTED_EDGE('',*,*,#1192,.T.);
#534=ORIENTED_EDGE('',*,*,#1099,.F.);
#535=ORIENTED_EDGE('',*,*,#1196,.F.);
#536=ORIENTED_EDGE('',*,*,#1197,.T.);
#537=ORIENTED_EDGE('',*,*,#1194,.T.);
#538=ORIENTED_EDGE('',*,*,#1098,.F.);
#539=ORIENTED_EDGE('',*,*,#1198,.F.);
#540=ORIENTED_EDGE('',*,*,#1199,.T.);
#541=ORIENTED_EDGE('',*,*,#1196,.T.);
#542=ORIENTED_EDGE('',*,*,#1097,.F.);
#543=ORIENTED_EDGE('',*,*,#1200,.F.);
#544=ORIENTED_EDGE('',*,*,#1201,.T.);
#545=ORIENTED_EDGE('',*,*,#1198,.T.);
#546=ORIENTED_EDGE('',*,*,#1096,.F.);
#547=ORIENTED_EDGE('',*,*,#1202,.F.);
#548=ORIENTED_EDGE('',*,*,#1203,.T.);
#549=ORIENTED_EDGE('',*,*,#1200,.T.);
#550=ORIENTED_EDGE('',*,*,#1095,.F.);
#551=ORIENTED_EDGE('',*,*,#1204,.F.);
#552=ORIENTED_EDGE('',*,*,#1205,.T.);
#553=ORIENTED_EDGE('',*,*,#1202,.T.);
#554=ORIENTED_EDGE('',*,*,#1094,.F.);
#555=ORIENTED_EDGE('',*,*,#1206,.F.);
#556=ORIENTED_EDGE('',*,*,#1207,.T.);
#557=ORIENTED_EDGE('',*,*,#1204,.T.);
#558=ORIENTED_EDGE('',*,*,#1093,.F.);
#559=ORIENTED_EDGE('',*,*,#1208,.F.);
#560=ORIENTED_EDGE('',*,*,#1209,.T.);
#561=ORIENTED_EDGE('',*,*,#1206,.T.);
#562=ORIENTED_EDGE('',*,*,#1092,.F.);
#563=ORIENTED_EDGE('',*,*,#1210,.F.);
#564=ORIENTED_EDGE('',*,*,#1211,.T.);
#565=ORIENTED_EDGE('',*,*,#1208,.T.);
#566=ORIENTED_EDGE('',*,*,#1091,.F.);
#567=ORIENTED_EDGE('',*,*,#1212,.F.);
#568=ORIENTED_EDGE('',*,*,#1213,.T.);
#569=ORIENTED_EDGE('',*,*,#1210,.T.);
#570=ORIENTED_EDGE('',*,*,#1090,.F.);
#571=ORIENTED_EDGE('',*,*,#1214,.F.);
#572=ORIENTED_EDGE('',*,*,#1215,.T.);
#573=ORIENTED_EDGE('',*,*,#1212,.T.);
#574=ORIENTED_EDGE('',*,*,#1089,.F.);
#575=ORIENTED_EDGE('',*,*,#1216,.F.);
#576=ORIENTED_EDGE('',*,*,#1217,.T.);
#577=ORIENTED_EDGE('',*,*,#1214,.T.);
#578=ORIENTED_EDGE('',*,*,#1088,.F.);
#579=ORIENTED_EDGE('',*,*,#1189,.F.);
#580=ORIENTED_EDGE('',*,*,#1218,.T.);
#581=ORIENTED_EDGE('',*,*,#1216,.T.);
#582=ORIENTED_EDGE('',*,*,#1219,.F.);
#583=ORIENTED_EDGE('',*,*,#1144,.F.);
#584=ORIENTED_EDGE('',*,*,#1220,.T.);
#585=ORIENTED_EDGE('',*,*,#1185,.T.);
#586=ORIENTED_EDGE('',*,*,#1188,.F.);
#587=ORIENTED_EDGE('',*,*,#1191,.F.);
#588=ORIENTED_EDGE('',*,*,#1193,.F.);
#589=ORIENTED_EDGE('',*,*,#1195,.F.);
#590=ORIENTED_EDGE('',*,*,#1197,.F.);
#591=ORIENTED_EDGE('',*,*,#1199,.F.);
#592=ORIENTED_EDGE('',*,*,#1201,.F.);
#593=ORIENTED_EDGE('',*,*,#1203,.F.);
#594=ORIENTED_EDGE('',*,*,#1205,.F.);
#595=ORIENTED_EDGE('',*,*,#1207,.F.);
#596=ORIENTED_EDGE('',*,*,#1209,.F.);
#597=ORIENTED_EDGE('',*,*,#1211,.F.);
#598=ORIENTED_EDGE('',*,*,#1213,.F.);
#599=ORIENTED_EDGE('',*,*,#1215,.F.);
#600=ORIENTED_EDGE('',*,*,#1217,.F.);
#601=ORIENTED_EDGE('',*,*,#1218,.F.);
#602=ORIENTED_EDGE('',*,*,#1143,.F.);
#603=ORIENTED_EDGE('',*,*,#1147,.F.);
#604=ORIENTED_EDGE('',*,*,#1150,.F.);
#605=ORIENTED_EDGE('',*,*,#1153,.F.);
#606=ORIENTED_EDGE('',*,*,#1156,.F.);
#607=ORIENTED_EDGE('',*,*,#1159,.F.);
#608=ORIENTED_EDGE('',*,*,#1162,.F.);
#609=ORIENTED_EDGE('',*,*,#1165,.F.);
#610=ORIENTED_EDGE('',*,*,#1168,.F.);
#611=ORIENTED_EDGE('',*,*,#1171,.F.);
#612=ORIENTED_EDGE('',*,*,#1174,.F.);
#613=ORIENTED_EDGE('',*,*,#1177,.F.);
#614=ORIENTED_EDGE('',*,*,#1180,.F.);
#615=ORIENTED_EDGE('',*,*,#1183,.F.);
#616=ORIENTED_EDGE('',*,*,#1186,.F.);
#617=ORIENTED_EDGE('',*,*,#1220,.F.);
#618=ORIENTED_EDGE('',*,*,#1221,.F.);
#619=ORIENTED_EDGE('',*,*,#1222,.F.);
#620=ORIENTED_EDGE('',*,*,#1223,.F.);
#621=ORIENTED_EDGE('',*,*,#1224,.F.);
#622=ORIENTED_EDGE('',*,*,#1225,.F.);
#623=ORIENTED_EDGE('',*,*,#1226,.F.);
#624=ORIENTED_EDGE('',*,*,#1227,.F.);
#625=ORIENTED_EDGE('',*,*,#1228,.F.);
#626=ORIENTED_EDGE('',*,*,#1229,.F.);
#627=ORIENTED_EDGE('',*,*,#1230,.F.);
#628=ORIENTED_EDGE('',*,*,#1231,.F.);
#629=ORIENTED_EDGE('',*,*,#1232,.F.);
#630=ORIENTED_EDGE('',*,*,#1233,.F.);
#631=ORIENTED_EDGE('',*,*,#1234,.F.);
#632=ORIENTED_EDGE('',*,*,#1235,.F.);
#633=ORIENTED_EDGE('',*,*,#1236,.F.);
#634=ORIENTED_EDGE('',*,*,#1145,.T.);
#635=ORIENTED_EDGE('',*,*,#1141,.T.);
#636=ORIENTED_EDGE('',*,*,#1219,.T.);
#637=ORIENTED_EDGE('',*,*,#1184,.T.);
#638=ORIENTED_EDGE('',*,*,#1181,.T.);
#639=ORIENTED_EDGE('',*,*,#1178,.T.);
#640=ORIENTED_EDGE('',*,*,#1175,.T.);
#641=ORIENTED_EDGE('',*,*,#1172,.T.);
#642=ORIENTED_EDGE('',*,*,#1169,.T.);
#643=ORIENTED_EDGE('',*,*,#1166,.T.);
#644=ORIENTED_EDGE('',*,*,#1163,.T.);
#645=ORIENTED_EDGE('',*,*,#1160,.T.);
#646=ORIENTED_EDGE('',*,*,#1157,.T.);
#647=ORIENTED_EDGE('',*,*,#1154,.T.);
#648=ORIENTED_EDGE('',*,*,#1151,.T.);
#649=ORIENTED_EDGE('',*,*,#1148,.T.);
#650=ORIENTED_EDGE('',*,*,#1221,.T.);
#651=ORIENTED_EDGE('',*,*,#1237,.F.);
#652=ORIENTED_EDGE('',*,*,#1238,.F.);
#653=ORIENTED_EDGE('',*,*,#1239,.T.);
#654=ORIENTED_EDGE('',*,*,#1236,.T.);
#655=ORIENTED_EDGE('',*,*,#1240,.F.);
#656=ORIENTED_EDGE('',*,*,#1241,.F.);
#657=ORIENTED_EDGE('',*,*,#1237,.T.);
#658=ORIENTED_EDGE('',*,*,#1235,.T.);
#659=ORIENTED_EDGE('',*,*,#1242,.F.);
#660=ORIENTED_EDGE('',*,*,#1243,.F.);
#661=ORIENTED_EDGE('',*,*,#1240,.T.);
#662=ORIENTED_EDGE('',*,*,#1234,.T.);
#663=ORIENTED_EDGE('',*,*,#1244,.F.);
#664=ORIENTED_EDGE('',*,*,#1245,.F.);
#665=ORIENTED_EDGE('',*,*,#1242,.T.);
#666=ORIENTED_EDGE('',*,*,#1233,.T.);
#667=ORIENTED_EDGE('',*,*,#1246,.F.);
#668=ORIENTED_EDGE('',*,*,#1247,.F.);
#669=ORIENTED_EDGE('',*,*,#1244,.T.);
#670=ORIENTED_EDGE('',*,*,#1232,.T.);
#671=ORIENTED_EDGE('',*,*,#1248,.F.);
#672=ORIENTED_EDGE('',*,*,#1249,.F.);
#673=ORIENTED_EDGE('',*,*,#1246,.T.);
#674=ORIENTED_EDGE('',*,*,#1231,.T.);
#675=ORIENTED_EDGE('',*,*,#1250,.F.);
#676=ORIENTED_EDGE('',*,*,#1251,.F.);
#677=ORIENTED_EDGE('',*,*,#1248,.T.);
#678=ORIENTED_EDGE('',*,*,#1230,.T.);
#679=ORIENTED_EDGE('',*,*,#1252,.F.);
#680=ORIENTED_EDGE('',*,*,#1253,.F.);
#681=ORIENTED_EDGE('',*,*,#1250,.T.);
#682=ORIENTED_EDGE('',*,*,#1229,.T.);
#683=ORIENTED_EDGE('',*,*,#1254,.F.);
#684=ORIENTED_EDGE('',*,*,#1255,.F.);
#685=ORIENTED_EDGE('',*,*,#1252,.T.);
#686=ORIENTED_EDGE('',*,*,#1228,.T.);
#687=ORIENTED_EDGE('',*,*,#1256,.F.);
#688=ORIENTED_EDGE('',*,*,#1257,.F.);
#689=ORIENTED_EDGE('',*,*,#1254,.T.);
#690=ORIENTED_EDGE('',*,*,#1227,.T.);
#691=ORIENTED_EDGE('',*,*,#1258,.F.);
#692=ORIENTED_EDGE('',*,*,#1259,.F.);
#693=ORIENTED_EDGE('',*,*,#1256,.T.);
#694=ORIENTED_EDGE('',*,*,#1226,.T.);
#695=ORIENTED_EDGE('',*,*,#1260,.F.);
#696=ORIENTED_EDGE('',*,*,#1261,.F.);
#697=ORIENTED_EDGE('',*,*,#1258,.T.);
#698=ORIENTED_EDGE('',*,*,#1225,.T.);
#699=ORIENTED_EDGE('',*,*,#1262,.F.);
#700=ORIENTED_EDGE('',*,*,#1263,.F.);
#701=ORIENTED_EDGE('',*,*,#1260,.T.);
#702=ORIENTED_EDGE('',*,*,#1224,.T.);
#703=ORIENTED_EDGE('',*,*,#1264,.F.);
#704=ORIENTED_EDGE('',*,*,#1265,.F.);
#705=ORIENTED_EDGE('',*,*,#1262,.T.);
#706=ORIENTED_EDGE('',*,*,#1223,.T.);
#707=ORIENTED_EDGE('',*,*,#1266,.F.);
#708=ORIENTED_EDGE('',*,*,#1267,.F.);
#709=ORIENTED_EDGE('',*,*,#1264,.T.);
#710=ORIENTED_EDGE('',*,*,#1268,.T.);
#711=ORIENTED_EDGE('',*,*,#1269,.F.);
#712=ORIENTED_EDGE('',*,*,#1270,.F.);
#713=ORIENTED_EDGE('',*,*,#1271,.T.);
#714=ORIENTED_EDGE('',*,*,#1272,.T.);
#715=ORIENTED_EDGE('',*,*,#1273,.F.);
#716=ORIENTED_EDGE('',*,*,#1274,.F.);
#717=ORIENTED_EDGE('',*,*,#1269,.T.);
#718=ORIENTED_EDGE('',*,*,#1275,.T.);
#719=ORIENTED_EDGE('',*,*,#1276,.F.);
#720=ORIENTED_EDGE('',*,*,#1277,.F.);
#721=ORIENTED_EDGE('',*,*,#1273,.T.);
#722=ORIENTED_EDGE('',*,*,#1278,.T.);
#723=ORIENTED_EDGE('',*,*,#1279,.F.);
#724=ORIENTED_EDGE('',*,*,#1280,.F.);
#725=ORIENTED_EDGE('',*,*,#1276,.T.);
#726=ORIENTED_EDGE('',*,*,#1281,.T.);
#727=ORIENTED_EDGE('',*,*,#1282,.F.);
#728=ORIENTED_EDGE('',*,*,#1283,.F.);
#729=ORIENTED_EDGE('',*,*,#1279,.T.);
#730=ORIENTED_EDGE('',*,*,#1284,.T.);
#731=ORIENTED_EDGE('',*,*,#1285,.F.);
#732=ORIENTED_EDGE('',*,*,#1286,.F.);
#733=ORIENTED_EDGE('',*,*,#1282,.T.);
#734=ORIENTED_EDGE('',*,*,#1287,.T.);
#735=ORIENTED_EDGE('',*,*,#1288,.F.);
#736=ORIENTED_EDGE('',*,*,#1289,.F.);
#737=ORIENTED_EDGE('',*,*,#1285,.T.);
#738=ORIENTED_EDGE('',*,*,#1290,.T.);
#739=ORIENTED_EDGE('',*,*,#1291,.F.);
#740=ORIENTED_EDGE('',*,*,#1292,.F.);
#741=ORIENTED_EDGE('',*,*,#1288,.T.);
#742=ORIENTED_EDGE('',*,*,#1293,.T.);
#743=ORIENTED_EDGE('',*,*,#1294,.F.);
#744=ORIENTED_EDGE('',*,*,#1295,.F.);
#745=ORIENTED_EDGE('',*,*,#1291,.T.);
#746=ORIENTED_EDGE('',*,*,#1296,.T.);
#747=ORIENTED_EDGE('',*,*,#1297,.F.);
#748=ORIENTED_EDGE('',*,*,#1298,.F.);
#749=ORIENTED_EDGE('',*,*,#1294,.T.);
#750=ORIENTED_EDGE('',*,*,#1299,.T.);
#751=ORIENTED_EDGE('',*,*,#1300,.F.);
#752=ORIENTED_EDGE('',*,*,#1301,.F.);
#753=ORIENTED_EDGE('',*,*,#1297,.T.);
#754=ORIENTED_EDGE('',*,*,#1302,.T.);
#755=ORIENTED_EDGE('',*,*,#1271,.F.);
#756=ORIENTED_EDGE('',*,*,#1303,.F.);
#757=ORIENTED_EDGE('',*,*,#1300,.T.);
#758=ORIENTED_EDGE('',*,*,#1222,.T.);
#759=ORIENTED_EDGE('',*,*,#1239,.F.);
#760=ORIENTED_EDGE('',*,*,#1304,.F.);
#761=ORIENTED_EDGE('',*,*,#1266,.T.);
#762=ORIENTED_EDGE('',*,*,#1270,.T.);
#763=ORIENTED_EDGE('',*,*,#1274,.T.);
#764=ORIENTED_EDGE('',*,*,#1277,.T.);
#765=ORIENTED_EDGE('',*,*,#1280,.T.);
#766=ORIENTED_EDGE('',*,*,#1283,.T.);
#767=ORIENTED_EDGE('',*,*,#1286,.T.);
#768=ORIENTED_EDGE('',*,*,#1289,.T.);
#769=ORIENTED_EDGE('',*,*,#1292,.T.);
#770=ORIENTED_EDGE('',*,*,#1295,.T.);
#771=ORIENTED_EDGE('',*,*,#1298,.T.);
#772=ORIENTED_EDGE('',*,*,#1301,.T.);
#773=ORIENTED_EDGE('',*,*,#1303,.T.);
#774=ORIENTED_EDGE('',*,*,#1238,.T.);
#775=ORIENTED_EDGE('',*,*,#1241,.T.);
#776=ORIENTED_EDGE('',*,*,#1243,.T.);
#777=ORIENTED_EDGE('',*,*,#1245,.T.);
#778=ORIENTED_EDGE('',*,*,#1247,.T.);
#779=ORIENTED_EDGE('',*,*,#1249,.T.);
#780=ORIENTED_EDGE('',*,*,#1251,.T.);
#781=ORIENTED_EDGE('',*,*,#1253,.T.);
#782=ORIENTED_EDGE('',*,*,#1255,.T.);
#783=ORIENTED_EDGE('',*,*,#1257,.T.);
#784=ORIENTED_EDGE('',*,*,#1259,.T.);
#785=ORIENTED_EDGE('',*,*,#1261,.T.);
#786=ORIENTED_EDGE('',*,*,#1263,.T.);
#787=ORIENTED_EDGE('',*,*,#1265,.T.);
#788=ORIENTED_EDGE('',*,*,#1267,.T.);
#789=ORIENTED_EDGE('',*,*,#1304,.T.);
#790=ORIENTED_EDGE('',*,*,#1268,.F.);
#791=ORIENTED_EDGE('',*,*,#1302,.F.);
#792=ORIENTED_EDGE('',*,*,#1299,.F.);
#793=ORIENTED_EDGE('',*,*,#1296,.F.);
#794=ORIENTED_EDGE('',*,*,#1293,.F.);
#795=ORIENTED_EDGE('',*,*,#1290,.F.);
#796=ORIENTED_EDGE('',*,*,#1287,.F.);
#797=ORIENTED_EDGE('',*,*,#1284,.F.);
#798=ORIENTED_EDGE('',*,*,#1281,.F.);
#799=ORIENTED_EDGE('',*,*,#1278,.F.);
#800=ORIENTED_EDGE('',*,*,#1275,.F.);
#801=ORIENTED_EDGE('',*,*,#1272,.F.);
#802=ORIENTED_EDGE('',*,*,#1102,.F.);
#803=ORIENTED_EDGE('',*,*,#1305,.F.);
#804=ORIENTED_EDGE('',*,*,#1306,.F.);
#805=ORIENTED_EDGE('',*,*,#1307,.T.);
#806=ORIENTED_EDGE('',*,*,#1307,.F.);
#807=ORIENTED_EDGE('',*,*,#1308,.T.);
#808=ORIENTED_EDGE('',*,*,#1309,.T.);
#809=ORIENTED_EDGE('',*,*,#1310,.F.);
#810=ORIENTED_EDGE('',*,*,#1306,.T.);
#811=ORIENTED_EDGE('',*,*,#1310,.T.);
#812=ORIENTED_EDGE('',*,*,#1311,.F.);
#813=ORIENTED_EDGE('',*,*,#1308,.F.);
#814=ORIENTED_EDGE('',*,*,#1311,.T.);
#815=ORIENTED_EDGE('',*,*,#1309,.F.);
#816=ORIENTED_EDGE('',*,*,#1312,.T.);
#817=ORIENTED_EDGE('',*,*,#1312,.F.);
#818=ORIENTED_EDGE('',*,*,#1305,.T.);
#819=ORIENTED_EDGE('',*,*,#1076,.F.);
#820=ORIENTED_EDGE('',*,*,#1119,.F.);
#821=ORIENTED_EDGE('',*,*,#1079,.T.);
#822=ORIENTED_EDGE('',*,*,#1083,.F.);
#823=ORIENTED_EDGE('',*,*,#1066,.F.);
#824=ORIENTED_EDGE('',*,*,#1139,.F.);
#825=ORIENTED_EDGE('',*,*,#1069,.T.);
#826=ORIENTED_EDGE('',*,*,#1073,.F.);
#827=ORIENTED_EDGE('',*,*,#1056,.F.);
#828=ORIENTED_EDGE('',*,*,#1131,.F.);
#829=ORIENTED_EDGE('',*,*,#1059,.T.);
#830=ORIENTED_EDGE('',*,*,#1063,.F.);
#831=ORIENTED_EDGE('',*,*,#1046,.F.);
#832=ORIENTED_EDGE('',*,*,#1117,.F.);
#833=ORIENTED_EDGE('',*,*,#1049,.T.);
#834=ORIENTED_EDGE('',*,*,#1053,.F.);
#835=ORIENTED_EDGE('',*,*,#1036,.F.);
#836=ORIENTED_EDGE('',*,*,#1129,.F.);
#837=ORIENTED_EDGE('',*,*,#1039,.T.);
#838=ORIENTED_EDGE('',*,*,#1043,.F.);
#839=ORIENTED_EDGE('',*,*,#1026,.F.);
#840=ORIENTED_EDGE('',*,*,#1133,.F.);
#841=ORIENTED_EDGE('',*,*,#1029,.T.);
#842=ORIENTED_EDGE('',*,*,#1033,.F.);
#843=ORIENTED_EDGE('',*,*,#1016,.F.);
#844=ORIENTED_EDGE('',*,*,#1113,.F.);
#845=ORIENTED_EDGE('',*,*,#1019,.T.);
#846=ORIENTED_EDGE('',*,*,#1023,.F.);
#847=ORIENTED_EDGE('',*,*,#1006,.F.);
#848=ORIENTED_EDGE('',*,*,#1123,.F.);
#849=ORIENTED_EDGE('',*,*,#1009,.T.);
#850=ORIENTED_EDGE('',*,*,#1013,.F.);
#851=ORIENTED_EDGE('',*,*,#996,.F.);
#852=ORIENTED_EDGE('',*,*,#1107,.F.);
#853=ORIENTED_EDGE('',*,*,#999,.T.);
#854=ORIENTED_EDGE('',*,*,#1003,.F.);
#855=ORIENTED_EDGE('',*,*,#986,.F.);
#856=ORIENTED_EDGE('',*,*,#1105,.F.);
#857=ORIENTED_EDGE('',*,*,#989,.T.);
#858=ORIENTED_EDGE('',*,*,#993,.F.);
#859=ORIENTED_EDGE('',*,*,#976,.F.);
#860=ORIENTED_EDGE('',*,*,#1135,.F.);
#861=ORIENTED_EDGE('',*,*,#979,.T.);
#862=ORIENTED_EDGE('',*,*,#983,.F.);
#863=ORIENTED_EDGE('',*,*,#966,.F.);
#864=ORIENTED_EDGE('',*,*,#1103,.F.);
#865=ORIENTED_EDGE('',*,*,#969,.T.);
#866=ORIENTED_EDGE('',*,*,#973,.F.);
#867=ORIENTED_EDGE('',*,*,#956,.F.);
#868=ORIENTED_EDGE('',*,*,#1115,.F.);
#869=ORIENTED_EDGE('',*,*,#959,.T.);
#870=ORIENTED_EDGE('',*,*,#963,.F.);
#871=ORIENTED_EDGE('',*,*,#946,.F.);
#872=ORIENTED_EDGE('',*,*,#1127,.F.);
#873=ORIENTED_EDGE('',*,*,#949,.T.);
#874=ORIENTED_EDGE('',*,*,#953,.F.);
#875=ORIENTED_EDGE('',*,*,#936,.F.);
#876=ORIENTED_EDGE('',*,*,#1109,.F.);
#877=ORIENTED_EDGE('',*,*,#939,.T.);
#878=ORIENTED_EDGE('',*,*,#943,.F.);
#879=ORIENTED_EDGE('',*,*,#926,.F.);
#880=ORIENTED_EDGE('',*,*,#1137,.F.);
#881=ORIENTED_EDGE('',*,*,#929,.T.);
#882=ORIENTED_EDGE('',*,*,#933,.F.);
#883=ORIENTED_EDGE('',*,*,#916,.F.);
#884=ORIENTED_EDGE('',*,*,#1121,.F.);
#885=ORIENTED_EDGE('',*,*,#919,.T.);
#886=ORIENTED_EDGE('',*,*,#923,.F.);
#887=ORIENTED_EDGE('',*,*,#906,.F.);
#888=ORIENTED_EDGE('',*,*,#1111,.F.);
#889=ORIENTED_EDGE('',*,*,#909,.T.);
#890=ORIENTED_EDGE('',*,*,#913,.F.);
#891=ORIENTED_EDGE('',*,*,#896,.F.);
#892=ORIENTED_EDGE('',*,*,#1125,.F.);
#893=ORIENTED_EDGE('',*,*,#899,.T.);
#894=ORIENTED_EDGE('',*,*,#903,.F.);
#895=EDGE_CURVE('',#1313,#1314,#1593,.T.);
#896=EDGE_CURVE('',#1314,#1315,#1594,.T.);
#897=EDGE_CURVE('',#1315,#1316,#1595,.T.);
#898=EDGE_CURVE('',#1316,#1313,#1596,.T.);
#899=EDGE_CURVE('',#1317,#1318,#1597,.T.);
#900=EDGE_CURVE('',#1319,#1317,#1598,.T.);
#901=EDGE_CURVE('',#1320,#1319,#1599,.T.);
#902=EDGE_CURVE('',#1318,#1320,#1600,.T.);
#903=EDGE_CURVE('',#1315,#1318,#1601,.T.);
#904=EDGE_CURVE('',#1320,#1316,#1602,.T.);
#905=EDGE_CURVE('',#1321,#1322,#1603,.T.);
#906=EDGE_CURVE('',#1322,#1323,#1604,.T.);
#907=EDGE_CURVE('',#1323,#1324,#1605,.T.);
#908=EDGE_CURVE('',#1324,#1321,#1606,.T.);
#909=EDGE_CURVE('',#1325,#1326,#1607,.T.);
#910=EDGE_CURVE('',#1327,#1325,#1608,.T.);
#911=EDGE_CURVE('',#1328,#1327,#1609,.T.);
#912=EDGE_CURVE('',#1326,#1328,#1610,.T.);
#913=EDGE_CURVE('',#1323,#1326,#1611,.T.);
#914=EDGE_CURVE('',#1328,#1324,#1612,.T.);
#915=EDGE_CURVE('',#1329,#1330,#1613,.T.);
#916=EDGE_CURVE('',#1330,#1331,#1614,.T.);
#917=EDGE_CURVE('',#1331,#1332,#1615,.T.);
#918=EDGE_CURVE('',#1332,#1329,#1616,.T.);
#919=EDGE_CURVE('',#1333,#1334,#1617,.T.);
#920=EDGE_CURVE('',#1335,#1333,#1618,.T.);
#921=EDGE_CURVE('',#1336,#1335,#1619,.T.);
#922=EDGE_CURVE('',#1334,#1336,#1620,.T.);
#923=EDGE_CURVE('',#1331,#1334,#1621,.T.);
#924=EDGE_CURVE('',#1336,#1332,#1622,.T.);
#925=EDGE_CURVE('',#1337,#1338,#1623,.T.);
#926=EDGE_CURVE('',#1338,#1339,#1624,.T.);
#927=EDGE_CURVE('',#1339,#1340,#1625,.T.);
#928=EDGE_CURVE('',#1340,#1337,#1626,.T.);
#929=EDGE_CURVE('',#1341,#1342,#1627,.T.);
#930=EDGE_CURVE('',#1343,#1341,#1628,.T.);
#931=EDGE_CURVE('',#1344,#1343,#1629,.T.);
#932=EDGE_CURVE('',#1342,#1344,#1630,.T.);
#933=EDGE_CURVE('',#1339,#1342,#1631,.T.);
#934=EDGE_CURVE('',#1344,#1340,#1632,.T.);
#935=EDGE_CURVE('',#1345,#1346,#1633,.T.);
#936=EDGE_CURVE('',#1346,#1347,#1634,.T.);
#937=EDGE_CURVE('',#1347,#1348,#1635,.T.);
#938=EDGE_CURVE('',#1348,#1345,#1636,.T.);
#939=EDGE_CURVE('',#1349,#1350,#1637,.T.);
#940=EDGE_CURVE('',#1351,#1349,#1638,.T.);
#941=EDGE_CURVE('',#1352,#1351,#1639,.T.);
#942=EDGE_CURVE('',#1350,#1352,#1640,.T.);
#943=EDGE_CURVE('',#1347,#1350,#1641,.T.);
#944=EDGE_CURVE('',#1352,#1348,#1642,.T.);
#945=EDGE_CURVE('',#1353,#1354,#1643,.T.);
#946=EDGE_CURVE('',#1354,#1355,#1644,.T.);
#947=EDGE_CURVE('',#1355,#1356,#1645,.T.);
#948=EDGE_CURVE('',#1356,#1353,#1646,.T.);
#949=EDGE_CURVE('',#1357,#1358,#1647,.T.);
#950=EDGE_CURVE('',#1359,#1357,#1648,.T.);
#951=EDGE_CURVE('',#1360,#1359,#1649,.T.);
#952=EDGE_CURVE('',#1358,#1360,#1650,.T.);
#953=EDGE_CURVE('',#1355,#1358,#1651,.T.);
#954=EDGE_CURVE('',#1360,#1356,#1652,.T.);
#955=EDGE_CURVE('',#1361,#1362,#1653,.T.);
#956=EDGE_CURVE('',#1362,#1363,#1654,.T.);
#957=EDGE_CURVE('',#1363,#1364,#1655,.T.);
#958=EDGE_CURVE('',#1364,#1361,#1656,.T.);
#959=EDGE_CURVE('',#1365,#1366,#1657,.T.);
#960=EDGE_CURVE('',#1367,#1365,#1658,.T.);
#961=EDGE_CURVE('',#1368,#1367,#1659,.T.);
#962=EDGE_CURVE('',#1366,#1368,#1660,.T.);
#963=EDGE_CURVE('',#1363,#1366,#1661,.T.);
#964=EDGE_CURVE('',#1368,#1364,#1662,.T.);
#965=EDGE_CURVE('',#1369,#1370,#1663,.T.);
#966=EDGE_CURVE('',#1370,#1371,#1664,.T.);
#967=EDGE_CURVE('',#1371,#1372,#1665,.T.);
#968=EDGE_CURVE('',#1372,#1369,#1666,.T.);
#969=EDGE_CURVE('',#1373,#1374,#1667,.T.);
#970=EDGE_CURVE('',#1375,#1373,#1668,.T.);
#971=EDGE_CURVE('',#1376,#1375,#1669,.T.);
#972=EDGE_CURVE('',#1374,#1376,#1670,.T.);
#973=EDGE_CURVE('',#1371,#1374,#1671,.T.);
#974=EDGE_CURVE('',#1376,#1372,#1672,.T.);
#975=EDGE_CURVE('',#1377,#1378,#1673,.T.);
#976=EDGE_CURVE('',#1378,#1379,#1674,.T.);
#977=EDGE_CURVE('',#1379,#1380,#1675,.T.);
#978=EDGE_CURVE('',#1380,#1377,#1676,.T.);
#979=EDGE_CURVE('',#1381,#1382,#1677,.T.);
#980=EDGE_CURVE('',#1383,#1381,#1678,.T.);
#981=EDGE_CURVE('',#1384,#1383,#1679,.T.);
#982=EDGE_CURVE('',#1382,#1384,#1680,.T.);
#983=EDGE_CURVE('',#1379,#1382,#1681,.T.);
#984=EDGE_CURVE('',#1384,#1380,#1682,.T.);
#985=EDGE_CURVE('',#1385,#1386,#1683,.T.);
#986=EDGE_CURVE('',#1386,#1387,#1684,.T.);
#987=EDGE_CURVE('',#1387,#1388,#1685,.T.);
#988=EDGE_CURVE('',#1388,#1385,#1686,.T.);
#989=EDGE_CURVE('',#1389,#1390,#1687,.T.);
#990=EDGE_CURVE('',#1391,#1389,#1688,.T.);
#991=EDGE_CURVE('',#1392,#1391,#1689,.T.);
#992=EDGE_CURVE('',#1390,#1392,#1690,.T.);
#993=EDGE_CURVE('',#1387,#1390,#1691,.T.);
#994=EDGE_CURVE('',#1392,#1388,#1692,.T.);
#995=EDGE_CURVE('',#1393,#1394,#1693,.T.);
#996=EDGE_CURVE('',#1394,#1395,#1694,.T.);
#997=EDGE_CURVE('',#1395,#1396,#1695,.T.);
#998=EDGE_CURVE('',#1396,#1393,#1696,.T.);
#999=EDGE_CURVE('',#1397,#1398,#1697,.T.);
#1000=EDGE_CURVE('',#1399,#1397,#1698,.T.);
#1001=EDGE_CURVE('',#1400,#1399,#1699,.T.);
#1002=EDGE_CURVE('',#1398,#1400,#1700,.T.);
#1003=EDGE_CURVE('',#1395,#1398,#1701,.T.);
#1004=EDGE_CURVE('',#1400,#1396,#1702,.T.);
#1005=EDGE_CURVE('',#1401,#1402,#1703,.T.);
#1006=EDGE_CURVE('',#1402,#1403,#1704,.T.);
#1007=EDGE_CURVE('',#1403,#1404,#1705,.T.);
#1008=EDGE_CURVE('',#1404,#1401,#1706,.T.);
#1009=EDGE_CURVE('',#1405,#1406,#1707,.T.);
#1010=EDGE_CURVE('',#1407,#1405,#1708,.T.);
#1011=EDGE_CURVE('',#1408,#1407,#1709,.T.);
#1012=EDGE_CURVE('',#1406,#1408,#1710,.T.);
#1013=EDGE_CURVE('',#1403,#1406,#1711,.T.);
#1014=EDGE_CURVE('',#1408,#1404,#1712,.T.);
#1015=EDGE_CURVE('',#1409,#1410,#1713,.T.);
#1016=EDGE_CURVE('',#1410,#1411,#1714,.T.);
#1017=EDGE_CURVE('',#1411,#1412,#1715,.T.);
#1018=EDGE_CURVE('',#1412,#1409,#1716,.T.);
#1019=EDGE_CURVE('',#1413,#1414,#1717,.T.);
#1020=EDGE_CURVE('',#1415,#1413,#1718,.T.);
#1021=EDGE_CURVE('',#1416,#1415,#1719,.T.);
#1022=EDGE_CURVE('',#1414,#1416,#1720,.T.);
#1023=EDGE_CURVE('',#1411,#1414,#1721,.T.);
#1024=EDGE_CURVE('',#1416,#1412,#1722,.T.);
#1025=EDGE_CURVE('',#1417,#1418,#1723,.T.);
#1026=EDGE_CURVE('',#1418,#1419,#1724,.T.);
#1027=EDGE_CURVE('',#1419,#1420,#1725,.T.);
#1028=EDGE_CURVE('',#1420,#1417,#1726,.T.);
#1029=EDGE_CURVE('',#1421,#1422,#1727,.T.);
#1030=EDGE_CURVE('',#1423,#1421,#1728,.T.);
#1031=EDGE_CURVE('',#1424,#1423,#1729,.T.);
#1032=EDGE_CURVE('',#1422,#1424,#1730,.T.);
#1033=EDGE_CURVE('',#1419,#1422,#1731,.T.);
#1034=EDGE_CURVE('',#1424,#1420,#1732,.T.);
#1035=EDGE_CURVE('',#1425,#1426,#1733,.T.);
#1036=EDGE_CURVE('',#1426,#1427,#1734,.T.);
#1037=EDGE_CURVE('',#1427,#1428,#1735,.T.);
#1038=EDGE_CURVE('',#1428,#1425,#1736,.T.);
#1039=EDGE_CURVE('',#1429,#1430,#1737,.T.);
#1040=EDGE_CURVE('',#1431,#1429,#1738,.T.);
#1041=EDGE_CURVE('',#1432,#1431,#1739,.T.);
#1042=EDGE_CURVE('',#1430,#1432,#1740,.T.);
#1043=EDGE_CURVE('',#1427,#1430,#1741,.T.);
#1044=EDGE_CURVE('',#1432,#1428,#1742,.T.);
#1045=EDGE_CURVE('',#1433,#1434,#1743,.T.);
#1046=EDGE_CURVE('',#1434,#1435,#1744,.T.);
#1047=EDGE_CURVE('',#1435,#1436,#1745,.T.);
#1048=EDGE_CURVE('',#1436,#1433,#1746,.T.);
#1049=EDGE_CURVE('',#1437,#1438,#1747,.T.);
#1050=EDGE_CURVE('',#1439,#1437,#1748,.T.);
#1051=EDGE_CURVE('',#1440,#1439,#1749,.T.);
#1052=EDGE_CURVE('',#1438,#1440,#1750,.T.);
#1053=EDGE_CURVE('',#1435,#1438,#1751,.T.);
#1054=EDGE_CURVE('',#1440,#1436,#1752,.T.);
#1055=EDGE_CURVE('',#1441,#1442,#1753,.T.);
#1056=EDGE_CURVE('',#1442,#1443,#1754,.T.);
#1057=EDGE_CURVE('',#1443,#1444,#1755,.T.);
#1058=EDGE_CURVE('',#1444,#1441,#1756,.T.);
#1059=EDGE_CURVE('',#1445,#1446,#1757,.T.);
#1060=EDGE_CURVE('',#1447,#1445,#1758,.T.);
#1061=EDGE_CURVE('',#1448,#1447,#1759,.T.);
#1062=EDGE_CURVE('',#1446,#1448,#1760,.T.);
#1063=EDGE_CURVE('',#1443,#1446,#1761,.T.);
#1064=EDGE_CURVE('',#1448,#1444,#1762,.T.);
#1065=EDGE_CURVE('',#1449,#1450,#1763,.T.);
#1066=EDGE_CURVE('',#1450,#1451,#1764,.T.);
#1067=EDGE_CURVE('',#1451,#1452,#1765,.T.);
#1068=EDGE_CURVE('',#1452,#1449,#1766,.T.);
#1069=EDGE_CURVE('',#1453,#1454,#1767,.T.);
#1070=EDGE_CURVE('',#1455,#1453,#1768,.T.);
#1071=EDGE_CURVE('',#1456,#1455,#1769,.T.);
#1072=EDGE_CURVE('',#1454,#1456,#1770,.T.);
#1073=EDGE_CURVE('',#1451,#1454,#1771,.T.);
#1074=EDGE_CURVE('',#1456,#1452,#1772,.T.);
#1075=EDGE_CURVE('',#1457,#1458,#1773,.T.);
#1076=EDGE_CURVE('',#1458,#1459,#1774,.T.);
#1077=EDGE_CURVE('',#1459,#1460,#1775,.T.);
#1078=EDGE_CURVE('',#1460,#1457,#1776,.T.);
#1079=EDGE_CURVE('',#1461,#1462,#1777,.T.);
#1080=EDGE_CURVE('',#1463,#1461,#1778,.T.);
#1081=EDGE_CURVE('',#1464,#1463,#1779,.T.);
#1082=EDGE_CURVE('',#1462,#1464,#1780,.T.);
#1083=EDGE_CURVE('',#1459,#1462,#1781,.T.);
#1084=EDGE_CURVE('',#1464,#1460,#1782,.T.);
#1085=EDGE_CURVE('',#1465,#1465,#15,.T.);
#1086=EDGE_CURVE('',#1466,#1467,#1783,.T.);
#1087=EDGE_CURVE('',#1467,#1468,#1784,.T.);
#1088=EDGE_CURVE('',#1468,#1469,#1785,.T.);
#1089=EDGE_CURVE('',#1469,#1470,#1786,.T.);
#1090=EDGE_CURVE('',#1470,#1471,#1787,.T.);
#1091=EDGE_CURVE('',#1471,#1472,#1788,.T.);
#1092=EDGE_CURVE('',#1472,#1473,#1789,.T.);
#1093=EDGE_CURVE('',#1473,#1474,#1790,.T.);
#1094=EDGE_CURVE('',#1474,#1475,#1791,.T.);
#1095=EDGE_CURVE('',#1475,#1476,#1792,.T.);
#1096=EDGE_CURVE('',#1476,#1477,#1793,.T.);
#1097=EDGE_CURVE('',#1477,#1478,#1794,.T.);
#1098=EDGE_CURVE('',#1478,#1479,#1795,.T.);
#1099=EDGE_CURVE('',#1479,#1480,#1796,.T.);
#1100=EDGE_CURVE('',#1480,#1481,#1797,.T.);
#1101=EDGE_CURVE('',#1481,#1466,#1798,.T.);
#1102=EDGE_CURVE('',#1482,#1482,#16,.T.);
#1103=EDGE_CURVE('',#1373,#1370,#17,.T.);
#1104=EDGE_CURVE('',#1369,#1375,#18,.T.);
#1105=EDGE_CURVE('',#1389,#1386,#19,.T.);
#1106=EDGE_CURVE('',#1385,#1391,#20,.T.);
#1107=EDGE_CURVE('',#1397,#1394,#21,.T.);
#1108=EDGE_CURVE('',#1393,#1399,#22,.T.);
#1109=EDGE_CURVE('',#1349,#1346,#23,.T.);
#1110=EDGE_CURVE('',#1345,#1351,#24,.T.);
#1111=EDGE_CURVE('',#1325,#1322,#25,.T.);
#1112=EDGE_CURVE('',#1321,#1327,#26,.T.);
#1113=EDGE_CURVE('',#1413,#1410,#27,.T.);
#1114=EDGE_CURVE('',#1409,#1415,#28,.T.);
#1115=EDGE_CURVE('',#1365,#1362,#29,.T.);
#1116=EDGE_CURVE('',#1361,#1367,#30,.T.);
#1117=EDGE_CURVE('',#1437,#1434,#31,.T.);
#1118=EDGE_CURVE('',#1433,#1439,#32,.T.);
#1119=EDGE_CURVE('',#1461,#1458,#33,.T.);
#1120=EDGE_CURVE('',#1457,#1463,#34,.T.);
#1121=EDGE_CURVE('',#1333,#1330,#35,.T.);
#1122=EDGE_CURVE('',#1329,#1335,#36,.T.);
#1123=EDGE_CURVE('',#1405,#1402,#37,.T.);
#1124=EDGE_CURVE('',#1401,#1407,#38,.T.);
#1125=EDGE_CURVE('',#1317,#1314,#39,.T.);
#1126=EDGE_CURVE('',#1313,#1319,#40,.T.);
#1127=EDGE_CURVE('',#1357,#1354,#41,.T.);
#1128=EDGE_CURVE('',#1353,#1359,#42,.T.);
#1129=EDGE_CURVE('',#1429,#1426,#43,.T.);
#1130=EDGE_CURVE('',#1425,#1431,#44,.T.);
#1131=EDGE_CURVE('',#1445,#1442,#45,.T.);
#1132=EDGE_CURVE('',#1441,#1447,#46,.T.);
#1133=EDGE_CURVE('',#1421,#1418,#47,.T.);
#1134=EDGE_CURVE('',#1417,#1423,#48,.T.);
#1135=EDGE_CURVE('',#1381,#1378,#49,.T.);
#1136=EDGE_CURVE('',#1377,#1383,#50,.T.);
#1137=EDGE_CURVE('',#1341,#1338,#51,.T.);
#1138=EDGE_CURVE('',#1337,#1343,#52,.T.);
#1139=EDGE_CURVE('',#1453,#1450,#53,.T.);
#1140=EDGE_CURVE('',#1449,#1455,#54,.T.);
#1141=EDGE_CURVE('',#1483,#1484,#1799,.T.);
#1142=EDGE_CURVE('',#1485,#1483,#1800,.T.);
#1143=EDGE_CURVE('',#1485,#1486,#1801,.T.);
#1144=EDGE_CURVE('',#1486,#1484,#1802,.T.);
#1145=EDGE_CURVE('',#1487,#1483,#1803,.T.);
#1146=EDGE_CURVE('',#1488,#1487,#1804,.T.);
#1147=EDGE_CURVE('',#1488,#1485,#1805,.T.);
#1148=EDGE_CURVE('',#1489,#1487,#1806,.T.);
#1149=EDGE_CURVE('',#1490,#1489,#1807,.T.);
#1150=EDGE_CURVE('',#1490,#1488,#1808,.T.);
#1151=EDGE_CURVE('',#1491,#1489,#1809,.T.);
#1152=EDGE_CURVE('',#1492,#1491,#1810,.T.);
#1153=EDGE_CURVE('',#1492,#1490,#1811,.T.);
#1154=EDGE_CURVE('',#1493,#1491,#1812,.T.);
#1155=EDGE_CURVE('',#1494,#1493,#1813,.T.);
#1156=EDGE_CURVE('',#1494,#1492,#1814,.T.);
#1157=EDGE_CURVE('',#1495,#1493,#1815,.T.);
#1158=EDGE_CURVE('',#1496,#1495,#1816,.T.);
#1159=EDGE_CURVE('',#1496,#1494,#1817,.T.);
#1160=EDGE_CURVE('',#1497,#1495,#1818,.T.);
#1161=EDGE_CURVE('',#1498,#1497,#1819,.T.);
#1162=EDGE_CURVE('',#1498,#1496,#1820,.T.);
#1163=EDGE_CURVE('',#1499,#1497,#1821,.T.);
#1164=EDGE_CURVE('',#1500,#1499,#1822,.T.);
#1165=EDGE_CURVE('',#1500,#1498,#1823,.T.);
#1166=EDGE_CURVE('',#1501,#1499,#1824,.T.);
#1167=EDGE_CURVE('',#1502,#1501,#1825,.T.);
#1168=EDGE_CURVE('',#1502,#1500,#1826,.T.);
#1169=EDGE_CURVE('',#1503,#1501,#1827,.T.);
#1170=EDGE_CURVE('',#1504,#1503,#1828,.T.);
#1171=EDGE_CURVE('',#1504,#1502,#1829,.T.);
#1172=EDGE_CURVE('',#1505,#1503,#1830,.T.);
#1173=EDGE_CURVE('',#1506,#1505,#1831,.T.);
#1174=EDGE_CURVE('',#1506,#1504,#1832,.T.);
#1175=EDGE_CURVE('',#1507,#1505,#1833,.T.);
#1176=EDGE_CURVE('',#1508,#1507,#1834,.T.);
#1177=EDGE_CURVE('',#1508,#1506,#1835,.T.);
#1178=EDGE_CURVE('',#1509,#1507,#1836,.T.);
#1179=EDGE_CURVE('',#1510,#1509,#1837,.T.);
#1180=EDGE_CURVE('',#1510,#1508,#1838,.T.);
#1181=EDGE_CURVE('',#1511,#1509,#1839,.T.);
#1182=EDGE_CURVE('',#1512,#1511,#1840,.T.);
#1183=EDGE_CURVE('',#1512,#1510,#1841,.T.);
#1184=EDGE_CURVE('',#1513,#1511,#1842,.T.);
#1185=EDGE_CURVE('',#1514,#1513,#1843,.T.);
#1186=EDGE_CURVE('',#1514,#1512,#1844,.T.);
#1187=EDGE_CURVE('',#1515,#1467,#1845,.T.);
#1188=EDGE_CURVE('',#1515,#1516,#1846,.T.);
#1189=EDGE_CURVE('',#1516,#1468,#1847,.T.);
#1190=EDGE_CURVE('',#1517,#1466,#1848,.T.);
#1191=EDGE_CURVE('',#1517,#1515,#1849,.T.);
#1192=EDGE_CURVE('',#1518,#1481,#1850,.T.);
#1193=EDGE_CURVE('',#1518,#1517,#1851,.T.);
#1194=EDGE_CURVE('',#1519,#1480,#1852,.T.);
#1195=EDGE_CURVE('',#1519,#1518,#1853,.T.);
#1196=EDGE_CURVE('',#1520,#1479,#1854,.T.);
#1197=EDGE_CURVE('',#1520,#1519,#1855,.T.);
#1198=EDGE_CURVE('',#1521,#1478,#1856,.T.);
#1199=EDGE_CURVE('',#1521,#1520,#1857,.T.);
#1200=EDGE_CURVE('',#1522,#1477,#1858,.T.);
#1201=EDGE_CURVE('',#1522,#1521,#1859,.T.);
#1202=EDGE_CURVE('',#1523,#1476,#1860,.T.);
#1203=EDGE_CURVE('',#1523,#1522,#1861,.T.);
#1204=EDGE_CURVE('',#1524,#1475,#1862,.T.);
#1205=EDGE_CURVE('',#1524,#1523,#1863,.T.);
#1206=EDGE_CURVE('',#1525,#1474,#1864,.T.);
#1207=EDGE_CURVE('',#1525,#1524,#1865,.T.);
#1208=EDGE_CURVE('',#1526,#1473,#1866,.T.);
#1209=EDGE_CURVE('',#1526,#1525,#1867,.T.);
#1210=EDGE_CURVE('',#1527,#1472,#1868,.T.);
#1211=EDGE_CURVE('',#1527,#1526,#1869,.T.);
#1212=EDGE_CURVE('',#1528,#1471,#1870,.T.);
#1213=EDGE_CURVE('',#1528,#1527,#1871,.T.);
#1214=EDGE_CURVE('',#1529,#1470,#1872,.T.);
#1215=EDGE_CURVE('',#1529,#1528,#1873,.T.);
#1216=EDGE_CURVE('',#1530,#1469,#1874,.T.);
#1217=EDGE_CURVE('',#1530,#1529,#1875,.T.);
#1218=EDGE_CURVE('',#1516,#1530,#1876,.T.);
#1219=EDGE_CURVE('',#1484,#1513,#1877,.T.);
#1220=EDGE_CURVE('',#1486,#1514,#1878,.T.);
#1221=EDGE_CURVE('',#1531,#1532,#1879,.T.);
#1222=EDGE_CURVE('',#1533,#1531,#1880,.T.);
#1223=EDGE_CURVE('',#1534,#1533,#1881,.T.);
#1224=EDGE_CURVE('',#1535,#1534,#1882,.T.);
#1225=EDGE_CURVE('',#1536,#1535,#1883,.T.);
#1226=EDGE_CURVE('',#1537,#1536,#1884,.T.);
#1227=EDGE_CURVE('',#1538,#1537,#1885,.T.);
#1228=EDGE_CURVE('',#1539,#1538,#1886,.T.);
#1229=EDGE_CURVE('',#1540,#1539,#1887,.T.);
#1230=EDGE_CURVE('',#1541,#1540,#1888,.T.);
#1231=EDGE_CURVE('',#1542,#1541,#1889,.T.);
#1232=EDGE_CURVE('',#1543,#1542,#1890,.T.);
#1233=EDGE_CURVE('',#1544,#1543,#1891,.T.);
#1234=EDGE_CURVE('',#1545,#1544,#1892,.T.);
#1235=EDGE_CURVE('',#1546,#1545,#1893,.T.);
#1236=EDGE_CURVE('',#1532,#1546,#1894,.T.);
#1237=EDGE_CURVE('',#1547,#1532,#1895,.T.);
#1238=EDGE_CURVE('',#1548,#1547,#1896,.T.);
#1239=EDGE_CURVE('',#1548,#1531,#1897,.T.);
#1240=EDGE_CURVE('',#1549,#1546,#1898,.T.);
#1241=EDGE_CURVE('',#1547,#1549,#1899,.T.);
#1242=EDGE_CURVE('',#1550,#1545,#1900,.T.);
#1243=EDGE_CURVE('',#1549,#1550,#1901,.T.);
#1244=EDGE_CURVE('',#1551,#1544,#1902,.T.);
#1245=EDGE_CURVE('',#1550,#1551,#1903,.T.);
#1246=EDGE_CURVE('',#1552,#1543,#1904,.T.);
#1247=EDGE_CURVE('',#1551,#1552,#1905,.T.);
#1248=EDGE_CURVE('',#1553,#1542,#1906,.T.);
#1249=EDGE_CURVE('',#1552,#1553,#1907,.T.);
#1250=EDGE_CURVE('',#1554,#1541,#1908,.T.);
#1251=EDGE_CURVE('',#1553,#1554,#1909,.T.);
#1252=EDGE_CURVE('',#1555,#1540,#1910,.T.);
#1253=EDGE_CURVE('',#1554,#1555,#1911,.T.);
#1254=EDGE_CURVE('',#1556,#1539,#1912,.T.);
#1255=EDGE_CURVE('',#1555,#1556,#1913,.T.);
#1256=EDGE_CURVE('',#1557,#1538,#1914,.T.);
#1257=EDGE_CURVE('',#1556,#1557,#1915,.T.);
#1258=EDGE_CURVE('',#1558,#1537,#1916,.T.);
#1259=EDGE_CURVE('',#1557,#1558,#1917,.T.);
#1260=EDGE_CURVE('',#1559,#1536,#1918,.T.);
#1261=EDGE_CURVE('',#1558,#1559,#1919,.T.);
#1262=EDGE_CURVE('',#1560,#1535,#1920,.T.);
#1263=EDGE_CURVE('',#1559,#1560,#1921,.T.);
#1264=EDGE_CURVE('',#1561,#1534,#1922,.T.);
#1265=EDGE_CURVE('',#1560,#1561,#1923,.T.);
#1266=EDGE_CURVE('',#1562,#1533,#1924,.T.);
#1267=EDGE_CURVE('',#1561,#1562,#1925,.T.);
#1268=EDGE_CURVE('',#1563,#1564,#1926,.T.);
#1269=EDGE_CURVE('',#1565,#1564,#1927,.T.);
#1270=EDGE_CURVE('',#1566,#1565,#1928,.T.);
#1271=EDGE_CURVE('',#1566,#1563,#1929,.T.);
#1272=EDGE_CURVE('',#1564,#1567,#1930,.T.);
#1273=EDGE_CURVE('',#1568,#1567,#1931,.T.);
#1274=EDGE_CURVE('',#1565,#1568,#1932,.T.);
#1275=EDGE_CURVE('',#1567,#1569,#1933,.T.);
#1276=EDGE_CURVE('',#1570,#1569,#1934,.T.);
#1277=EDGE_CURVE('',#1568,#1570,#1935,.T.);
#1278=EDGE_CURVE('',#1569,#1571,#1936,.T.);
#1279=EDGE_CURVE('',#1572,#1571,#1937,.T.);
#1280=EDGE_CURVE('',#1570,#1572,#1938,.T.);
#1281=EDGE_CURVE('',#1571,#1573,#1939,.T.);
#1282=EDGE_CURVE('',#1574,#1573,#1940,.T.);
#1283=EDGE_CURVE('',#1572,#1574,#1941,.T.);
#1284=EDGE_CURVE('',#1573,#1575,#1942,.T.);
#1285=EDGE_CURVE('',#1576,#1575,#1943,.T.);
#1286=EDGE_CURVE('',#1574,#1576,#1944,.T.);
#1287=EDGE_CURVE('',#1575,#1577,#1945,.T.);
#1288=EDGE_CURVE('',#1578,#1577,#1946,.T.);
#1289=EDGE_CURVE('',#1576,#1578,#1947,.T.);
#1290=EDGE_CURVE('',#1577,#1579,#1948,.T.);
#1291=EDGE_CURVE('',#1580,#1579,#1949,.T.);
#1292=EDGE_CURVE('',#1578,#1580,#1950,.T.);
#1293=EDGE_CURVE('',#1579,#1581,#1951,.T.);
#1294=EDGE_CURVE('',#1582,#1581,#1952,.T.);
#1295=EDGE_CURVE('',#1580,#1582,#1953,.T.);
#1296=EDGE_CURVE('',#1581,#1583,#1954,.T.);
#1297=EDGE_CURVE('',#1584,#1583,#1955,.T.);
#1298=EDGE_CURVE('',#1582,#1584,#1956,.T.);
#1299=EDGE_CURVE('',#1583,#1585,#1957,.T.);
#1300=EDGE_CURVE('',#1586,#1585,#1958,.T.);
#1301=EDGE_CURVE('',#1584,#1586,#1959,.T.);
#1302=EDGE_CURVE('',#1585,#1563,#1960,.T.);
#1303=EDGE_CURVE('',#1586,#1566,#1961,.T.);
#1304=EDGE_CURVE('',#1562,#1548,#1962,.T.);
#1305=EDGE_CURVE('',#1587,#1587,#55,.T.);
#1306=EDGE_CURVE('',#1588,#1589,#56,.T.);
#1307=EDGE_CURVE('',#1588,#1589,#1963,.T.);
#1308=EDGE_CURVE('',#1588,#1590,#1964,.T.);
#1309=EDGE_CURVE('',#1590,#1591,#1965,.T.);
#1310=EDGE_CURVE('',#1589,#1591,#1966,.T.);
#1311=EDGE_CURVE('',#1590,#1591,#57,.T.);
#1312=EDGE_CURVE('',#1592,#1592,#58,.F.);
#1313=VERTEX_POINT('',#4085);
#1314=VERTEX_POINT('',#4086);
#1315=VERTEX_POINT('',#4088);
#1316=VERTEX_POINT('',#4090);
#1317=VERTEX_POINT('',#4094);
#1318=VERTEX_POINT('',#4095);
#1319=VERTEX_POINT('',#4097);
#1320=VERTEX_POINT('',#4099);
#1321=VERTEX_POINT('',#4106);
#1322=VERTEX_POINT('',#4107);
#1323=VERTEX_POINT('',#4109);
#1324=VERTEX_POINT('',#4111);
#1325=VERTEX_POINT('',#4115);
#1326=VERTEX_POINT('',#4116);
#1327=VERTEX_POINT('',#4118);
#1328=VERTEX_POINT('',#4120);
#1329=VERTEX_POINT('',#4127);
#1330=VERTEX_POINT('',#4128);
#1331=VERTEX_POINT('',#4130);
#1332=VERTEX_POINT('',#4132);
#1333=VERTEX_POINT('',#4136);
#1334=VERTEX_POINT('',#4137);
#1335=VERTEX_POINT('',#4139);
#1336=VERTEX_POINT('',#4141);
#1337=VERTEX_POINT('',#4148);
#1338=VERTEX_POINT('',#4149);
#1339=VERTEX_POINT('',#4151);
#1340=VERTEX_POINT('',#4153);
#1341=VERTEX_POINT('',#4157);
#1342=VERTEX_POINT('',#4158);
#1343=VERTEX_POINT('',#4160);
#1344=VERTEX_POINT('',#4162);
#1345=VERTEX_POINT('',#4169);
#1346=VERTEX_POINT('',#4170);
#1347=VERTEX_POINT('',#4172);
#1348=VERTEX_POINT('',#4174);
#1349=VERTEX_POINT('',#4178);
#1350=VERTEX_POINT('',#4179);
#1351=VERTEX_POINT('',#4181);
#1352=VERTEX_POINT('',#4183);
#1353=VERTEX_POINT('',#4190);
#1354=VERTEX_POINT('',#4191);
#1355=VERTEX_POINT('',#4193);
#1356=VERTEX_POINT('',#4195);
#1357=VERTEX_POINT('',#4199);
#1358=VERTEX_POINT('',#4200);
#1359=VERTEX_POINT('',#4202);
#1360=VERTEX_POINT('',#4204);
#1361=VERTEX_POINT('',#4211);
#1362=VERTEX_POINT('',#4212);
#1363=VERTEX_POINT('',#4214);
#1364=VERTEX_POINT('',#4216);
#1365=VERTEX_POINT('',#4220);
#1366=VERTEX_POINT('',#4221);
#1367=VERTEX_POINT('',#4223);
#1368=VERTEX_POINT('',#4225);
#1369=VERTEX_POINT('',#4232);
#1370=VERTEX_POINT('',#4233);
#1371=VERTEX_POINT('',#4235);
#1372=VERTEX_POINT('',#4237);
#1373=VERTEX_POINT('',#4241);
#1374=VERTEX_POINT('',#4242);
#1375=VERTEX_POINT('',#4244);
#1376=VERTEX_POINT('',#4246);
#1377=VERTEX_POINT('',#4253);
#1378=VERTEX_POINT('',#4254);
#1379=VERTEX_POINT('',#4256);
#1380=VERTEX_POINT('',#4258);
#1381=VERTEX_POINT('',#4262);
#1382=VERTEX_POINT('',#4263);
#1383=VERTEX_POINT('',#4265);
#1384=VERTEX_POINT('',#4267);
#1385=VERTEX_POINT('',#4274);
#1386=VERTEX_POINT('',#4275);
#1387=VERTEX_POINT('',#4277);
#1388=VERTEX_POINT('',#4279);
#1389=VERTEX_POINT('',#4283);
#1390=VERTEX_POINT('',#4284);
#1391=VERTEX_POINT('',#4286);
#1392=VERTEX_POINT('',#4288);
#1393=VERTEX_POINT('',#4295);
#1394=VERTEX_POINT('',#4296);
#1395=VERTEX_POINT('',#4298);
#1396=VERTEX_POINT('',#4300);
#1397=VERTEX_POINT('',#4304);
#1398=VERTEX_POINT('',#4305);
#1399=VERTEX_POINT('',#4307);
#1400=VERTEX_POINT('',#4309);
#1401=VERTEX_POINT('',#4316);
#1402=VERTEX_POINT('',#4317);
#1403=VERTEX_POINT('',#4319);
#1404=VERTEX_POINT('',#4321);
#1405=VERTEX_POINT('',#4325);
#1406=VERTEX_POINT('',#4326);
#1407=VERTEX_POINT('',#4328);
#1408=VERTEX_POINT('',#4330);
#1409=VERTEX_POINT('',#4337);
#1410=VERTEX_POINT('',#4338);
#1411=VERTEX_POINT('',#4340);
#1412=VERTEX_POINT('',#4342);
#1413=VERTEX_POINT('',#4346);
#1414=VERTEX_POINT('',#4347);
#1415=VERTEX_POINT('',#4349);
#1416=VERTEX_POINT('',#4351);
#1417=VERTEX_POINT('',#4358);
#1418=VERTEX_POINT('',#4359);
#1419=VERTEX_POINT('',#4361);
#1420=VERTEX_POINT('',#4363);
#1421=VERTEX_POINT('',#4367);
#1422=VERTEX_POINT('',#4368);
#1423=VERTEX_POINT('',#4370);
#1424=VERTEX_POINT('',#4372);
#1425=VERTEX_POINT('',#4379);
#1426=VERTEX_POINT('',#4380);
#1427=VERTEX_POINT('',#4382);
#1428=VERTEX_POINT('',#4384);
#1429=VERTEX_POINT('',#4388);
#1430=VERTEX_POINT('',#4389);
#1431=VERTEX_POINT('',#4391);
#1432=VERTEX_POINT('',#4393);
#1433=VERTEX_POINT('',#4400);
#1434=VERTEX_POINT('',#4401);
#1435=VERTEX_POINT('',#4403);
#1436=VERTEX_POINT('',#4405);
#1437=VERTEX_POINT('',#4409);
#1438=VERTEX_POINT('',#4410);
#1439=VERTEX_POINT('',#4412);
#1440=VERTEX_POINT('',#4414);
#1441=VERTEX_POINT('',#4421);
#1442=VERTEX_POINT('',#4422);
#1443=VERTEX_POINT('',#4424);
#1444=VERTEX_POINT('',#4426);
#1445=VERTEX_POINT('',#4430);
#1446=VERTEX_POINT('',#4431);
#1447=VERTEX_POINT('',#4433);
#1448=VERTEX_POINT('',#4435);
#1449=VERTEX_POINT('',#4442);
#1450=VERTEX_POINT('',#4443);
#1451=VERTEX_POINT('',#4445);
#1452=VERTEX_POINT('',#4447);
#1453=VERTEX_POINT('',#4451);
#1454=VERTEX_POINT('',#4452);
#1455=VERTEX_POINT('',#4454);
#1456=VERTEX_POINT('',#4456);
#1457=VERTEX_POINT('',#4463);
#1458=VERTEX_POINT('',#4464);
#1459=VERTEX_POINT('',#4466);
#1460=VERTEX_POINT('',#4468);
#1461=VERTEX_POINT('',#4472);
#1462=VERTEX_POINT('',#4473);
#1463=VERTEX_POINT('',#4475);
#1464=VERTEX_POINT('',#4477);
#1465=VERTEX_POINT('',#4484);
#1466=VERTEX_POINT('',#4486);
#1467=VERTEX_POINT('',#4487);
#1468=VERTEX_POINT('',#4489);
#1469=VERTEX_POINT('',#4491);
#1470=VERTEX_POINT('',#4493);
#1471=VERTEX_POINT('',#4495);
#1472=VERTEX_POINT('',#4497);
#1473=VERTEX_POINT('',#4499);
#1474=VERTEX_POINT('',#4501);
#1475=VERTEX_POINT('',#4503);
#1476=VERTEX_POINT('',#4505);
#1477=VERTEX_POINT('',#4507);
#1478=VERTEX_POINT('',#4509);
#1479=VERTEX_POINT('',#4511);
#1480=VERTEX_POINT('',#4513);
#1481=VERTEX_POINT('',#4515);
#1482=VERTEX_POINT('',#4519);
#1483=VERTEX_POINT('',#4579);
#1484=VERTEX_POINT('',#4580);
#1485=VERTEX_POINT('',#4582);
#1486=VERTEX_POINT('',#4584);
#1487=VERTEX_POINT('',#4588);
#1488=VERTEX_POINT('',#4590);
#1489=VERTEX_POINT('',#4594);
#1490=VERTEX_POINT('',#4596);
#1491=VERTEX_POINT('',#4600);
#1492=VERTEX_POINT('',#4602);
#1493=VERTEX_POINT('',#4606);
#1494=VERTEX_POINT('',#4608);
#1495=VERTEX_POINT('',#4612);
#1496=VERTEX_POINT('',#4614);
#1497=VERTEX_POINT('',#4618);
#1498=VERTEX_POINT('',#4620);
#1499=VERTEX_POINT('',#4624);
#1500=VERTEX_POINT('',#4626);
#1501=VERTEX_POINT('',#4630);
#1502=VERTEX_POINT('',#4632);
#1503=VERTEX_POINT('',#4636);
#1504=VERTEX_POINT('',#4638);
#1505=VERTEX_POINT('',#4642);
#1506=VERTEX_POINT('',#4644);
#1507=VERTEX_POINT('',#4648);
#1508=VERTEX_POINT('',#4650);
#1509=VERTEX_POINT('',#4654);
#1510=VERTEX_POINT('',#4656);
#1511=VERTEX_POINT('',#4660);
#1512=VERTEX_POINT('',#4662);
#1513=VERTEX_POINT('',#4666);
#1514=VERTEX_POINT('',#4668);
#1515=VERTEX_POINT('',#4672);
#1516=VERTEX_POINT('',#4674);
#1517=VERTEX_POINT('',#4678);
#1518=VERTEX_POINT('',#4682);
#1519=VERTEX_POINT('',#4686);
#1520=VERTEX_POINT('',#4690);
#1521=VERTEX_POINT('',#4694);
#1522=VERTEX_POINT('',#4698);
#1523=VERTEX_POINT('',#4702);
#1524=VERTEX_POINT('',#4706);
#1525=VERTEX_POINT('',#4710);
#1526=VERTEX_POINT('',#4714);
#1527=VERTEX_POINT('',#4718);
#1528=VERTEX_POINT('',#4722);
#1529=VERTEX_POINT('',#4726);
#1530=VERTEX_POINT('',#4730);
#1531=VERTEX_POINT('',#4740);
#1532=VERTEX_POINT('',#4741);
#1533=VERTEX_POINT('',#4743);
#1534=VERTEX_POINT('',#4745);
#1535=VERTEX_POINT('',#4747);
#1536=VERTEX_POINT('',#4749);
#1537=VERTEX_POINT('',#4751);
#1538=VERTEX_POINT('',#4753);
#1539=VERTEX_POINT('',#4755);
#1540=VERTEX_POINT('',#4757);
#1541=VERTEX_POINT('',#4759);
#1542=VERTEX_POINT('',#4761);
#1543=VERTEX_POINT('',#4763);
#1544=VERTEX_POINT('',#4765);
#1545=VERTEX_POINT('',#4767);
#1546=VERTEX_POINT('',#4769);
#1547=VERTEX_POINT('',#4773);
#1548=VERTEX_POINT('',#4775);
#1549=VERTEX_POINT('',#4779);
#1550=VERTEX_POINT('',#4783);
#1551=VERTEX_POINT('',#4787);
#1552=VERTEX_POINT('',#4791);
#1553=VERTEX_POINT('',#4795);
#1554=VERTEX_POINT('',#4799);
#1555=VERTEX_POINT('',#4803);
#1556=VERTEX_POINT('',#4807);
#1557=VERTEX_POINT('',#4811);
#1558=VERTEX_POINT('',#4815);
#1559=VERTEX_POINT('',#4819);
#1560=VERTEX_POINT('',#4823);
#1561=VERTEX_POINT('',#4827);
#1562=VERTEX_POINT('',#4831);
#1563=VERTEX_POINT('',#4835);
#1564=VERTEX_POINT('',#4836);
#1565=VERTEX_POINT('',#4838);
#1566=VERTEX_POINT('',#4840);
#1567=VERTEX_POINT('',#4844);
#1568=VERTEX_POINT('',#4846);
#1569=VERTEX_POINT('',#4850);
#1570=VERTEX_POINT('',#4852);
#1571=VERTEX_POINT('',#4856);
#1572=VERTEX_POINT('',#4858);
#1573=VERTEX_POINT('',#4862);
#1574=VERTEX_POINT('',#4864);
#1575=VERTEX_POINT('',#4868);
#1576=VERTEX_POINT('',#4870);
#1577=VERTEX_POINT('',#4874);
#1578=VERTEX_POINT('',#4876);
#1579=VERTEX_POINT('',#4880);
#1580=VERTEX_POINT('',#4882);
#1581=VERTEX_POINT('',#4886);
#1582=VERTEX_POINT('',#4888);
#1583=VERTEX_POINT('',#4892);
#1584=VERTEX_POINT('',#4894);
#1585=VERTEX_POINT('',#4898);
#1586=VERTEX_POINT('',#4900);
#1587=VERTEX_POINT('',#4911);
#1588=VERTEX_POINT('',#4914);
#1589=VERTEX_POINT('',#4915);
#1590=VERTEX_POINT('',#4919);
#1591=VERTEX_POINT('',#4921);
#1592=VERTEX_POINT('',#4927);
#1593=LINE('',#4084,#1967);
#1594=LINE('',#4087,#1968);
#1595=LINE('',#4089,#1969);
#1596=LINE('',#4091,#1970);
#1597=LINE('',#4093,#1971);
#1598=LINE('',#4096,#1972);
#1599=LINE('',#4098,#1973);
#1600=LINE('',#4100,#1974);
#1601=LINE('',#4102,#1975);
#1602=LINE('',#4103,#1976);
#1603=LINE('',#4105,#1977);
#1604=LINE('',#4108,#1978);
#1605=LINE('',#4110,#1979);
#1606=LINE('',#4112,#1980);
#1607=LINE('',#4114,#1981);
#1608=LINE('',#4117,#1982);
#1609=LINE('',#4119,#1983);
#1610=LINE('',#4121,#1984);
#1611=LINE('',#4123,#1985);
#1612=LINE('',#4124,#1986);
#1613=LINE('',#4126,#1987);
#1614=LINE('',#4129,#1988);
#1615=LINE('',#4131,#1989);
#1616=LINE('',#4133,#1990);
#1617=LINE('',#4135,#1991);
#1618=LINE('',#4138,#1992);
#1619=LINE('',#4140,#1993);
#1620=LINE('',#4142,#1994);
#1621=LINE('',#4144,#1995);
#1622=LINE('',#4145,#1996);
#1623=LINE('',#4147,#1997);
#1624=LINE('',#4150,#1998);
#1625=LINE('',#4152,#1999);
#1626=LINE('',#4154,#2000);
#1627=LINE('',#4156,#2001);
#1628=LINE('',#4159,#2002);
#1629=LINE('',#4161,#2003);
#1630=LINE('',#4163,#2004);
#1631=LINE('',#4165,#2005);
#1632=LINE('',#4166,#2006);
#1633=LINE('',#4168,#2007);
#1634=LINE('',#4171,#2008);
#1635=LINE('',#4173,#2009);
#1636=LINE('',#4175,#2010);
#1637=LINE('',#4177,#2011);
#1638=LINE('',#4180,#2012);
#1639=LINE('',#4182,#2013);
#1640=LINE('',#4184,#2014);
#1641=LINE('',#4186,#2015);
#1642=LINE('',#4187,#2016);
#1643=LINE('',#4189,#2017);
#1644=LINE('',#4192,#2018);
#1645=LINE('',#4194,#2019);
#1646=LINE('',#4196,#2020);
#1647=LINE('',#4198,#2021);
#1648=LINE('',#4201,#2022);
#1649=LINE('',#4203,#2023);
#1650=LINE('',#4205,#2024);
#1651=LINE('',#4207,#2025);
#1652=LINE('',#4208,#2026);
#1653=LINE('',#4210,#2027);
#1654=LINE('',#4213,#2028);
#1655=LINE('',#4215,#2029);
#1656=LINE('',#4217,#2030);
#1657=LINE('',#4219,#2031);
#1658=LINE('',#4222,#2032);
#1659=LINE('',#4224,#2033);
#1660=LINE('',#4226,#2034);
#1661=LINE('',#4228,#2035);
#1662=LINE('',#4229,#2036);
#1663=LINE('',#4231,#2037);
#1664=LINE('',#4234,#2038);
#1665=LINE('',#4236,#2039);
#1666=LINE('',#4238,#2040);
#1667=LINE('',#4240,#2041);
#1668=LINE('',#4243,#2042);
#1669=LINE('',#4245,#2043);
#1670=LINE('',#4247,#2044);
#1671=LINE('',#4249,#2045);
#1672=LINE('',#4250,#2046);
#1673=LINE('',#4252,#2047);
#1674=LINE('',#4255,#2048);
#1675=LINE('',#4257,#2049);
#1676=LINE('',#4259,#2050);
#1677=LINE('',#4261,#2051);
#1678=LINE('',#4264,#2052);
#1679=LINE('',#4266,#2053);
#1680=LINE('',#4268,#2054);
#1681=LINE('',#4270,#2055);
#1682=LINE('',#4271,#2056);
#1683=LINE('',#4273,#2057);
#1684=LINE('',#4276,#2058);
#1685=LINE('',#4278,#2059);
#1686=LINE('',#4280,#2060);
#1687=LINE('',#4282,#2061);
#1688=LINE('',#4285,#2062);
#1689=LINE('',#4287,#2063);
#1690=LINE('',#4289,#2064);
#1691=LINE('',#4291,#2065);
#1692=LINE('',#4292,#2066);
#1693=LINE('',#4294,#2067);
#1694=LINE('',#4297,#2068);
#1695=LINE('',#4299,#2069);
#1696=LINE('',#4301,#2070);
#1697=LINE('',#4303,#2071);
#1698=LINE('',#4306,#2072);
#1699=LINE('',#4308,#2073);
#1700=LINE('',#4310,#2074);
#1701=LINE('',#4312,#2075);
#1702=LINE('',#4313,#2076);
#1703=LINE('',#4315,#2077);
#1704=LINE('',#4318,#2078);
#1705=LINE('',#4320,#2079);
#1706=LINE('',#4322,#2080);
#1707=LINE('',#4324,#2081);
#1708=LINE('',#4327,#2082);
#1709=LINE('',#4329,#2083);
#1710=LINE('',#4331,#2084);
#1711=LINE('',#4333,#2085);
#1712=LINE('',#4334,#2086);
#1713=LINE('',#4336,#2087);
#1714=LINE('',#4339,#2088);
#1715=LINE('',#4341,#2089);
#1716=LINE('',#4343,#2090);
#1717=LINE('',#4345,#2091);
#1718=LINE('',#4348,#2092);
#1719=LINE('',#4350,#2093);
#1720=LINE('',#4352,#2094);
#1721=LINE('',#4354,#2095);
#1722=LINE('',#4355,#2096);
#1723=LINE('',#4357,#2097);
#1724=LINE('',#4360,#2098);
#1725=LINE('',#4362,#2099);
#1726=LINE('',#4364,#2100);
#1727=LINE('',#4366,#2101);
#1728=LINE('',#4369,#2102);
#1729=LINE('',#4371,#2103);
#1730=LINE('',#4373,#2104);
#1731=LINE('',#4375,#2105);
#1732=LINE('',#4376,#2106);
#1733=LINE('',#4378,#2107);
#1734=LINE('',#4381,#2108);
#1735=LINE('',#4383,#2109);
#1736=LINE('',#4385,#2110);
#1737=LINE('',#4387,#2111);
#1738=LINE('',#4390,#2112);
#1739=LINE('',#4392,#2113);
#1740=LINE('',#4394,#2114);
#1741=LINE('',#4396,#2115);
#1742=LINE('',#4397,#2116);
#1743=LINE('',#4399,#2117);
#1744=LINE('',#4402,#2118);
#1745=LINE('',#4404,#2119);
#1746=LINE('',#4406,#2120);
#1747=LINE('',#4408,#2121);
#1748=LINE('',#4411,#2122);
#1749=LINE('',#4413,#2123);
#1750=LINE('',#4415,#2124);
#1751=LINE('',#4417,#2125);
#1752=LINE('',#4418,#2126);
#1753=LINE('',#4420,#2127);
#1754=LINE('',#4423,#2128);
#1755=LINE('',#4425,#2129);
#1756=LINE('',#4427,#2130);
#1757=LINE('',#4429,#2131);
#1758=LINE('',#4432,#2132);
#1759=LINE('',#4434,#2133);
#1760=LINE('',#4436,#2134);
#1761=LINE('',#4438,#2135);
#1762=LINE('',#4439,#2136);
#1763=LINE('',#4441,#2137);
#1764=LINE('',#4444,#2138);
#1765=LINE('',#4446,#2139);
#1766=LINE('',#4448,#2140);
#1767=LINE('',#4450,#2141);
#1768=LINE('',#4453,#2142);
#1769=LINE('',#4455,#2143);
#1770=LINE('',#4457,#2144);
#1771=LINE('',#4459,#2145);
#1772=LINE('',#4460,#2146);
#1773=LINE('',#4462,#2147);
#1774=LINE('',#4465,#2148);
#1775=LINE('',#4467,#2149);
#1776=LINE('',#4469,#2150);
#1777=LINE('',#4471,#2151);
#1778=LINE('',#4474,#2152);
#1779=LINE('',#4476,#2153);
#1780=LINE('',#4478,#2154);
#1781=LINE('',#4480,#2155);
#1782=LINE('',#4481,#2156);
#1783=LINE('',#4485,#2157);
#1784=LINE('',#4488,#2158);
#1785=LINE('',#4490,#2159);
#1786=LINE('',#4492,#2160);
#1787=LINE('',#4494,#2161);
#1788=LINE('',#4496,#2162);
#1789=LINE('',#4498,#2163);
#1790=LINE('',#4500,#2164);
#1791=LINE('',#4502,#2165);
#1792=LINE('',#4504,#2166);
#1793=LINE('',#4506,#2167);
#1794=LINE('',#4508,#2168);
#1795=LINE('',#4510,#2169);
#1796=LINE('',#4512,#2170);
#1797=LINE('',#4514,#2171);
#1798=LINE('',#4516,#2172);
#1799=LINE('',#4578,#2173);
#1800=LINE('',#4581,#2174);
#1801=LINE('',#4583,#2175);
#1802=LINE('',#4585,#2176);
#1803=LINE('',#4587,#2177);
#1804=LINE('',#4589,#2178);
#1805=LINE('',#4591,#2179);
#1806=LINE('',#4593,#2180);
#1807=LINE('',#4595,#2181);
#1808=LINE('',#4597,#2182);
#1809=LINE('',#4599,#2183);
#1810=LINE('',#4601,#2184);
#1811=LINE('',#4603,#2185);
#1812=LINE('',#4605,#2186);
#1813=LINE('',#4607,#2187);
#1814=LINE('',#4609,#2188);
#1815=LINE('',#4611,#2189);
#1816=LINE('',#4613,#2190);
#1817=LINE('',#4615,#2191);
#1818=LINE('',#4617,#2192);
#1819=LINE('',#4619,#2193);
#1820=LINE('',#4621,#2194);
#1821=LINE('',#4623,#2195);
#1822=LINE('',#4625,#2196);
#1823=LINE('',#4627,#2197);
#1824=LINE('',#4629,#2198);
#1825=LINE('',#4631,#2199);
#1826=LINE('',#4633,#2200);
#1827=LINE('',#4635,#2201);
#1828=LINE('',#4637,#2202);
#1829=LINE('',#4639,#2203);
#1830=LINE('',#4641,#2204);
#1831=LINE('',#4643,#2205);
#1832=LINE('',#4645,#2206);
#1833=LINE('',#4647,#2207);
#1834=LINE('',#4649,#2208);
#1835=LINE('',#4651,#2209);
#1836=LINE('',#4653,#2210);
#1837=LINE('',#4655,#2211);
#1838=LINE('',#4657,#2212);
#1839=LINE('',#4659,#2213);
#1840=LINE('',#4661,#2214);
#1841=LINE('',#4663,#2215);
#1842=LINE('',#4665,#2216);
#1843=LINE('',#4667,#2217);
#1844=LINE('',#4669,#2218);
#1845=LINE('',#4671,#2219);
#1846=LINE('',#4673,#2220);
#1847=LINE('',#4675,#2221);
#1848=LINE('',#4677,#2222);
#1849=LINE('',#4679,#2223);
#1850=LINE('',#4681,#2224);
#1851=LINE('',#4683,#2225);
#1852=LINE('',#4685,#2226);
#1853=LINE('',#4687,#2227);
#1854=LINE('',#4689,#2228);
#1855=LINE('',#4691,#2229);
#1856=LINE('',#4693,#2230);
#1857=LINE('',#4695,#2231);
#1858=LINE('',#4697,#2232);
#1859=LINE('',#4699,#2233);
#1860=LINE('',#4701,#2234);
#1861=LINE('',#4703,#2235);
#1862=LINE('',#4705,#2236);
#1863=LINE('',#4707,#2237);
#1864=LINE('',#4709,#2238);
#1865=LINE('',#4711,#2239);
#1866=LINE('',#4713,#2240);
#1867=LINE('',#4715,#2241);
#1868=LINE('',#4717,#2242);
#1869=LINE('',#4719,#2243);
#1870=LINE('',#4721,#2244);
#1871=LINE('',#4723,#2245);
#1872=LINE('',#4725,#2246);
#1873=LINE('',#4727,#2247);
#1874=LINE('',#4729,#2248);
#1875=LINE('',#4731,#2249);
#1876=LINE('',#4733,#2250);
#1877=LINE('',#4735,#2251);
#1878=LINE('',#4736,#2252);
#1879=LINE('',#4739,#2253);
#1880=LINE('',#4742,#2254);
#1881=LINE('',#4744,#2255);
#1882=LINE('',#4746,#2256);
#1883=LINE('',#4748,#2257);
#1884=LINE('',#4750,#2258);
#1885=LINE('',#4752,#2259);
#1886=LINE('',#4754,#2260);
#1887=LINE('',#4756,#2261);
#1888=LINE('',#4758,#2262);
#1889=LINE('',#4760,#2263);
#1890=LINE('',#4762,#2264);
#1891=LINE('',#4764,#2265);
#1892=LINE('',#4766,#2266);
#1893=LINE('',#4768,#2267);
#1894=LINE('',#4770,#2268);
#1895=LINE('',#4772,#2269);
#1896=LINE('',#4774,#2270);
#1897=LINE('',#4776,#2271);
#1898=LINE('',#4778,#2272);
#1899=LINE('',#4780,#2273);
#1900=LINE('',#4782,#2274);
#1901=LINE('',#4784,#2275);
#1902=LINE('',#4786,#2276);
#1903=LINE('',#4788,#2277);
#1904=LINE('',#4790,#2278);
#1905=LINE('',#4792,#2279);
#1906=LINE('',#4794,#2280);
#1907=LINE('',#4796,#2281);
#1908=LINE('',#4798,#2282);
#1909=LINE('',#4800,#2283);
#1910=LINE('',#4802,#2284);
#1911=LINE('',#4804,#2285);
#1912=LINE('',#4806,#2286);
#1913=LINE('',#4808,#2287);
#1914=LINE('',#4810,#2288);
#1915=LINE('',#4812,#2289);
#1916=LINE('',#4814,#2290);
#1917=LINE('',#4816,#2291);
#1918=LINE('',#4818,#2292);
#1919=LINE('',#4820,#2293);
#1920=LINE('',#4822,#2294);
#1921=LINE('',#4824,#2295);
#1922=LINE('',#4826,#2296);
#1923=LINE('',#4828,#2297);
#1924=LINE('',#4830,#2298);
#1925=LINE('',#4832,#2299);
#1926=LINE('',#4834,#2300);
#1927=LINE('',#4837,#2301);
#1928=LINE('',#4839,#2302);
#1929=LINE('',#4841,#2303);
#1930=LINE('',#4843,#2304);
#1931=LINE('',#4845,#2305);
#1932=LINE('',#4847,#2306);
#1933=LINE('',#4849,#2307);
#1934=LINE('',#4851,#2308);
#1935=LINE('',#4853,#2309);
#1936=LINE('',#4855,#2310);
#1937=LINE('',#4857,#2311);
#1938=LINE('',#4859,#2312);
#1939=LINE('',#4861,#2313);
#1940=LINE('',#4863,#2314);
#1941=LINE('',#4865,#2315);
#1942=LINE('',#4867,#2316);
#1943=LINE('',#4869,#2317);
#1944=LINE('',#4871,#2318);
#1945=LINE('',#4873,#2319);
#1946=LINE('',#4875,#2320);
#1947=LINE('',#4877,#2321);
#1948=LINE('',#4879,#2322);
#1949=LINE('',#4881,#2323);
#1950=LINE('',#4883,#2324);
#1951=LINE('',#4885,#2325);
#1952=LINE('',#4887,#2326);
#1953=LINE('',#4889,#2327);
#1954=LINE('',#4891,#2328);
#1955=LINE('',#4893,#2329);
#1956=LINE('',#4895,#2330);
#1957=LINE('',#4897,#2331);
#1958=LINE('',#4899,#2332);
#1959=LINE('',#4901,#2333);
#1960=LINE('',#4903,#2334);
#1961=LINE('',#4904,#2335);
#1962=LINE('',#4906,#2336);
#1963=LINE('',#4916,#2337);
#1964=LINE('',#4918,#2338);
#1965=LINE('',#4920,#2339);
#1966=LINE('',#4922,#2340);
#1967=VECTOR('',#3288,1.);
#1968=VECTOR('',#3289,1.);
#1969=VECTOR('',#3290,1.);
#1970=VECTOR('',#3291,1.);
#1971=VECTOR('',#3294,1.);
#1972=VECTOR('',#3295,1.);
#1973=VECTOR('',#3296,1.);
#1974=VECTOR('',#3297,1.);
#1975=VECTOR('',#3300,1.);
#1976=VECTOR('',#3301,1.);
#1977=VECTOR('',#3304,1.);
#1978=VECTOR('',#3305,1.);
#1979=VECTOR('',#3306,1.);
#1980=VECTOR('',#3307,1.);
#1981=VECTOR('',#3310,1.);
#1982=VECTOR('',#3311,1.);
#1983=VECTOR('',#3312,1.);
#1984=VECTOR('',#3313,1.);
#1985=VECTOR('',#3316,1.);
#1986=VECTOR('',#3317,1.);
#1987=VECTOR('',#3320,1.);
#1988=VECTOR('',#3321,1.);
#1989=VECTOR('',#3322,1.);
#1990=VECTOR('',#3323,1.);
#1991=VECTOR('',#3326,1.);
#1992=VECTOR('',#3327,1.);
#1993=VECTOR('',#3328,1.);
#1994=VECTOR('',#3329,1.);
#1995=VECTOR('',#3332,1.);
#1996=VECTOR('',#3333,1.);
#1997=VECTOR('',#3336,1.);
#1998=VECTOR('',#3337,1.);
#1999=VECTOR('',#3338,1.);
#2000=VECTOR('',#3339,1.);
#2001=VECTOR('',#3342,1.);
#2002=VECTOR('',#3343,1.);
#2003=VECTOR('',#3344,1.);
#2004=VECTOR('',#3345,1.);
#2005=VECTOR('',#3348,1.);
#2006=VECTOR('',#3349,1.);
#2007=VECTOR('',#3352,1.);
#2008=VECTOR('',#3353,1.);
#2009=VECTOR('',#3354,1.);
#2010=VECTOR('',#3355,1.);
#2011=VECTOR('',#3358,1.);
#2012=VECTOR('',#3359,1.);
#2013=VECTOR('',#3360,1.);
#2014=VECTOR('',#3361,1.);
#2015=VECTOR('',#3364,1.);
#2016=VECTOR('',#3365,1.);
#2017=VECTOR('',#3368,1.);
#2018=VECTOR('',#3369,1.);
#2019=VECTOR('',#3370,1.);
#2020=VECTOR('',#3371,1.);
#2021=VECTOR('',#3374,1.);
#2022=VECTOR('',#3375,1.);
#2023=VECTOR('',#3376,1.);
#2024=VECTOR('',#3377,1.);
#2025=VECTOR('',#3380,1.);
#2026=VECTOR('',#3381,1.);
#2027=VECTOR('',#3384,1.);
#2028=VECTOR('',#3385,1.);
#2029=VECTOR('',#3386,1.);
#2030=VECTOR('',#3387,1.);
#2031=VECTOR('',#3390,1.);
#2032=VECTOR('',#3391,1.);
#2033=VECTOR('',#3392,1.);
#2034=VECTOR('',#3393,1.);
#2035=VECTOR('',#3396,1.);
#2036=VECTOR('',#3397,1.);
#2037=VECTOR('',#3400,1.);
#2038=VECTOR('',#3401,1.);
#2039=VECTOR('',#3402,1.);
#2040=VECTOR('',#3403,1.);
#2041=VECTOR('',#3406,1.);
#2042=VECTOR('',#3407,1.);
#2043=VECTOR('',#3408,1.);
#2044=VECTOR('',#3409,1.);
#2045=VECTOR('',#3412,1.);
#2046=VECTOR('',#3413,1.);
#2047=VECTOR('',#3416,1.);
#2048=VECTOR('',#3417,1.);
#2049=VECTOR('',#3418,1.);
#2050=VECTOR('',#3419,1.);
#2051=VECTOR('',#3422,1.);
#2052=VECTOR('',#3423,1.);
#2053=VECTOR('',#3424,1.);
#2054=VECTOR('',#3425,1.);
#2055=VECTOR('',#3428,1.);
#2056=VECTOR('',#3429,1.);
#2057=VECTOR('',#3432,1.);
#2058=VECTOR('',#3433,1.);
#2059=VECTOR('',#3434,1.);
#2060=VECTOR('',#3435,1.);
#2061=VECTOR('',#3438,1.);
#2062=VECTOR('',#3439,1.);
#2063=VECTOR('',#3440,1.);
#2064=VECTOR('',#3441,1.);
#2065=VECTOR('',#3444,1.);
#2066=VECTOR('',#3445,1.);
#2067=VECTOR('',#3448,1.);
#2068=VECTOR('',#3449,1.);
#2069=VECTOR('',#3450,1.);
#2070=VECTOR('',#3451,1.);
#2071=VECTOR('',#3454,1.);
#2072=VECTOR('',#3455,1.);
#2073=VECTOR('',#3456,1.);
#2074=VECTOR('',#3457,1.);
#2075=VECTOR('',#3460,1.);
#2076=VECTOR('',#3461,1.);
#2077=VECTOR('',#3464,1.);
#2078=VECTOR('',#3465,1.);
#2079=VECTOR('',#3466,1.);
#2080=VECTOR('',#3467,1.);
#2081=VECTOR('',#3470,1.);
#2082=VECTOR('',#3471,1.);
#2083=VECTOR('',#3472,1.);
#2084=VECTOR('',#3473,1.);
#2085=VECTOR('',#3476,1.);
#2086=VECTOR('',#3477,1.);
#2087=VECTOR('',#3480,1.);
#2088=VECTOR('',#3481,1.);
#2089=VECTOR('',#3482,1.);
#2090=VECTOR('',#3483,1.);
#2091=VECTOR('',#3486,1.);
#2092=VECTOR('',#3487,1.);
#2093=VECTOR('',#3488,1.);
#2094=VECTOR('',#3489,1.);
#2095=VECTOR('',#3492,1.);
#2096=VECTOR('',#3493,1.);
#2097=VECTOR('',#3496,1.);
#2098=VECTOR('',#3497,1.);
#2099=VECTOR('',#3498,1.);
#2100=VECTOR('',#3499,1.);
#2101=VECTOR('',#3502,1.);
#2102=VECTOR('',#3503,1.);
#2103=VECTOR('',#3504,1.);
#2104=VECTOR('',#3505,1.);
#2105=VECTOR('',#3508,1.);
#2106=VECTOR('',#3509,1.);
#2107=VECTOR('',#3512,1.);
#2108=VECTOR('',#3513,1.);
#2109=VECTOR('',#3514,1.);
#2110=VECTOR('',#3515,1.);
#2111=VECTOR('',#3518,1.);
#2112=VECTOR('',#3519,1.);
#2113=VECTOR('',#3520,1.);
#2114=VECTOR('',#3521,1.);
#2115=VECTOR('',#3524,1.);
#2116=VECTOR('',#3525,1.);
#2117=VECTOR('',#3528,1.);
#2118=VECTOR('',#3529,1.);
#2119=VECTOR('',#3530,1.);
#2120=VECTOR('',#3531,1.);
#2121=VECTOR('',#3534,1.);
#2122=VECTOR('',#3535,1.);
#2123=VECTOR('',#3536,1.);
#2124=VECTOR('',#3537,1.);
#2125=VECTOR('',#3540,1.);
#2126=VECTOR('',#3541,1.);
#2127=VECTOR('',#3544,1.);
#2128=VECTOR('',#3545,1.);
#2129=VECTOR('',#3546,1.);
#2130=VECTOR('',#3547,1.);
#2131=VECTOR('',#3550,1.);
#2132=VECTOR('',#3551,1.);
#2133=VECTOR('',#3552,1.);
#2134=VECTOR('',#3553,1.);
#2135=VECTOR('',#3556,1.);
#2136=VECTOR('',#3557,1.);
#2137=VECTOR('',#3560,1.);
#2138=VECTOR('',#3561,1.);
#2139=VECTOR('',#3562,1.);
#2140=VECTOR('',#3563,1.);
#2141=VECTOR('',#3566,1.);
#2142=VECTOR('',#3567,1.);
#2143=VECTOR('',#3568,1.);
#2144=VECTOR('',#3569,1.);
#2145=VECTOR('',#3572,1.);
#2146=VECTOR('',#3573,1.);
#2147=VECTOR('',#3576,1.);
#2148=VECTOR('',#3577,1.);
#2149=VECTOR('',#3578,1.);
#2150=VECTOR('',#3579,1.);
#2151=VECTOR('',#3582,1.);
#2152=VECTOR('',#3583,1.);
#2153=VECTOR('',#3584,1.);
#2154=VECTOR('',#3585,1.);
#2155=VECTOR('',#3588,1.);
#2156=VECTOR('',#3589,1.);
#2157=VECTOR('',#3594,1.);
#2158=VECTOR('',#3595,1.);
#2159=VECTOR('',#3596,1.);
#2160=VECTOR('',#3597,1.);
#2161=VECTOR('',#3598,1.);
#2162=VECTOR('',#3599,1.);
#2163=VECTOR('',#3600,1.);
#2164=VECTOR('',#3601,1.);
#2165=VECTOR('',#3602,1.);
#2166=VECTOR('',#3603,1.);
#2167=VECTOR('',#3604,1.);
#2168=VECTOR('',#3605,1.);
#2169=VECTOR('',#3606,1.);
#2170=VECTOR('',#3607,1.);
#2171=VECTOR('',#3608,1.);
#2172=VECTOR('',#3609,1.);
#2173=VECTOR('',#3730,1.);
#2174=VECTOR('',#3731,1.);
#2175=VECTOR('',#3732,1.);
#2176=VECTOR('',#3733,1.);
#2177=VECTOR('',#3736,1.);
#2178=VECTOR('',#3737,1.);
#2179=VECTOR('',#3738,1.);
#2180=VECTOR('',#3741,1.);
#2181=VECTOR('',#3742,1.);
#2182=VECTOR('',#3743,1.);
#2183=VECTOR('',#3746,1.);
#2184=VECTOR('',#3747,1.);
#2185=VECTOR('',#3748,1.);
#2186=VECTOR('',#3751,1.);
#2187=VECTOR('',#3752,1.);
#2188=VECTOR('',#3753,1.);
#2189=VECTOR('',#3756,1.);
#2190=VECTOR('',#3757,1.);
#2191=VECTOR('',#3758,1.);
#2192=VECTOR('',#3761,1.);
#2193=VECTOR('',#3762,1.);
#2194=VECTOR('',#3763,1.);
#2195=VECTOR('',#3766,1.);
#2196=VECTOR('',#3767,1.);
#2197=VECTOR('',#3768,1.);
#2198=VECTOR('',#3771,1.);
#2199=VECTOR('',#3772,1.);
#2200=VECTOR('',#3773,1.);
#2201=VECTOR('',#3776,1.);
#2202=VECTOR('',#3777,1.);
#2203=VECTOR('',#3778,1.);
#2204=VECTOR('',#3781,1.);
#2205=VECTOR('',#3782,1.);
#2206=VECTOR('',#3783,1.);
#2207=VECTOR('',#3786,1.);
#2208=VECTOR('',#3787,1.);
#2209=VECTOR('',#3788,1.);
#2210=VECTOR('',#3791,1.);
#2211=VECTOR('',#3792,1.);
#2212=VECTOR('',#3793,1.);
#2213=VECTOR('',#3796,1.);
#2214=VECTOR('',#3797,1.);
#2215=VECTOR('',#3798,1.);
#2216=VECTOR('',#3801,1.);
#2217=VECTOR('',#3802,1.);
#2218=VECTOR('',#3803,1.);
#2219=VECTOR('',#3806,1.);
#2220=VECTOR('',#3807,1.);
#2221=VECTOR('',#3808,1.);
#2222=VECTOR('',#3811,1.);
#2223=VECTOR('',#3812,1.);
#2224=VECTOR('',#3815,1.);
#2225=VECTOR('',#3816,1.);
#2226=VECTOR('',#3819,1.);
#2227=VECTOR('',#3820,1.);
#2228=VECTOR('',#3823,1.);
#2229=VECTOR('',#3824,1.);
#2230=VECTOR('',#3827,1.);
#2231=VECTOR('',#3828,1.);
#2232=VECTOR('',#3831,1.);
#2233=VECTOR('',#3832,1.);
#2234=VECTOR('',#3835,1.);
#2235=VECTOR('',#3836,1.);
#2236=VECTOR('',#3839,1.);
#2237=VECTOR('',#3840,1.);
#2238=VECTOR('',#3843,1.);
#2239=VECTOR('',#3844,1.);
#2240=VECTOR('',#3847,1.);
#2241=VECTOR('',#3848,1.);
#2242=VECTOR('',#3851,1.);
#2243=VECTOR('',#3852,1.);
#2244=VECTOR('',#3855,1.);
#2245=VECTOR('',#3856,1.);
#2246=VECTOR('',#3859,1.);
#2247=VECTOR('',#3860,1.);
#2248=VECTOR('',#3863,1.);
#2249=VECTOR('',#3864,1.);
#2250=VECTOR('',#3867,1.);
#2251=VECTOR('',#3870,1.);
#2252=VECTOR('',#3871,1.);
#2253=VECTOR('',#3876,1.);
#2254=VECTOR('',#3877,1.);
#2255=VECTOR('',#3878,1.);
#2256=VECTOR('',#3879,1.);
#2257=VECTOR('',#3880,1.);
#2258=VECTOR('',#3881,1.);
#2259=VECTOR('',#3882,1.);
#2260=VECTOR('',#3883,1.);
#2261=VECTOR('',#3884,1.);
#2262=VECTOR('',#3885,1.);
#2263=VECTOR('',#3886,1.);
#2264=VECTOR('',#3887,1.);
#2265=VECTOR('',#3888,1.);
#2266=VECTOR('',#3889,1.);
#2267=VECTOR('',#3890,1.);
#2268=VECTOR('',#3891,1.);
#2269=VECTOR('',#3894,1.);
#2270=VECTOR('',#3895,1.);
#2271=VECTOR('',#3896,1.);
#2272=VECTOR('',#3899,1.);
#2273=VECTOR('',#3900,1.);
#2274=VECTOR('',#3903,1.);
#2275=VECTOR('',#3904,1.);
#2276=VECTOR('',#3907,1.);
#2277=VECTOR('',#3908,1.);
#2278=VECTOR('',#3911,1.);
#2279=VECTOR('',#3912,1.);
#2280=VECTOR('',#3915,1.);
#2281=VECTOR('',#3916,1.);
#2282=VECTOR('',#3919,1.);
#2283=VECTOR('',#3920,1.);
#2284=VECTOR('',#3923,1.);
#2285=VECTOR('',#3924,1.);
#2286=VECTOR('',#3927,1.);
#2287=VECTOR('',#3928,1.);
#2288=VECTOR('',#3931,1.);
#2289=VECTOR('',#3932,1.);
#2290=VECTOR('',#3935,1.);
#2291=VECTOR('',#3936,1.);
#2292=VECTOR('',#3939,1.);
#2293=VECTOR('',#3940,1.);
#2294=VECTOR('',#3943,1.);
#2295=VECTOR('',#3944,1.);
#2296=VECTOR('',#3947,1.);
#2297=VECTOR('',#3948,1.);
#2298=VECTOR('',#3951,1.);
#2299=VECTOR('',#3952,1.);
#2300=VECTOR('',#3955,1.);
#2301=VECTOR('',#3956,1.);
#2302=VECTOR('',#3957,1.);
#2303=VECTOR('',#3958,1.);
#2304=VECTOR('',#3961,1.);
#2305=VECTOR('',#3962,1.);
#2306=VECTOR('',#3963,1.);
#2307=VECTOR('',#3966,1.);
#2308=VECTOR('',#3967,1.);
#2309=VECTOR('',#3968,1.);
#2310=VECTOR('',#3971,1.);
#2311=VECTOR('',#3972,1.);
#2312=VECTOR('',#3973,1.);
#2313=VECTOR('',#3976,1.);
#2314=VECTOR('',#3977,1.);
#2315=VECTOR('',#3978,1.);
#2316=VECTOR('',#3981,1.);
#2317=VECTOR('',#3982,1.);
#2318=VECTOR('',#3983,1.);
#2319=VECTOR('',#3986,1.);
#2320=VECTOR('',#3987,1.);
#2321=VECTOR('',#3988,1.);
#2322=VECTOR('',#3991,1.);
#2323=VECTOR('',#3992,1.);
#2324=VECTOR('',#3993,1.);
#2325=VECTOR('',#3996,1.);
#2326=VECTOR('',#3997,1.);
#2327=VECTOR('',#3998,1.);
#2328=VECTOR('',#4001,1.);
#2329=VECTOR('',#4002,1.);
#2330=VECTOR('',#4003,1.);
#2331=VECTOR('',#4006,1.);
#2332=VECTOR('',#4007,1.);
#2333=VECTOR('',#4008,1.);
#2334=VECTOR('',#4011,1.);
#2335=VECTOR('',#4012,1.);
#2336=VECTOR('',#4015,1.);
#2337=VECTOR('',#4028,1.);
#2338=VECTOR('',#4031,1.);
#2339=VECTOR('',#4032,1.);
#2340=VECTOR('',#4033,1.);
#2341=EDGE_LOOP('',(#59,#60,#61,#62));
#2342=EDGE_LOOP('',(#63,#64,#65,#66));
#2343=EDGE_LOOP('',(#67,#68,#69,#70));
#2344=EDGE_LOOP('',(#71,#72,#73,#74));
#2345=EDGE_LOOP('',(#75,#76,#77,#78));
#2346=EDGE_LOOP('',(#79,#80,#81,#82));
#2347=EDGE_LOOP('',(#83,#84,#85,#86));
#2348=EDGE_LOOP('',(#87,#88,#89,#90));
#2349=EDGE_LOOP('',(#91,#92,#93,#94));
#2350=EDGE_LOOP('',(#95,#96,#97,#98));
#2351=EDGE_LOOP('',(#99,#100,#101,#102));
#2352=EDGE_LOOP('',(#103,#104,#105,#106));
#2353=EDGE_LOOP('',(#107,#108,#109,#110));
#2354=EDGE_LOOP('',(#111,#112,#113,#114));
#2355=EDGE_LOOP('',(#115,#116,#117,#118));
#2356=EDGE_LOOP('',(#119,#120,#121,#122));
#2357=EDGE_LOOP('',(#123,#124,#125,#126));
#2358=EDGE_LOOP('',(#127,#128,#129,#130));
#2359=EDGE_LOOP('',(#131,#132,#133,#134));
#2360=EDGE_LOOP('',(#135,#136,#137,#138));
#2361=EDGE_LOOP('',(#139,#140,#141,#142));
#2362=EDGE_LOOP('',(#143,#144,#145,#146));
#2363=EDGE_LOOP('',(#147,#148,#149,#150));
#2364=EDGE_LOOP('',(#151,#152,#153,#154));
#2365=EDGE_LOOP('',(#155,#156,#157,#158));
#2366=EDGE_LOOP('',(#159,#160,#161,#162));
#2367=EDGE_LOOP('',(#163,#164,#165,#166));
#2368=EDGE_LOOP('',(#167,#168,#169,#170));
#2369=EDGE_LOOP('',(#171,#172,#173,#174));
#2370=EDGE_LOOP('',(#175,#176,#177,#178));
#2371=EDGE_LOOP('',(#179,#180,#181,#182));
#2372=EDGE_LOOP('',(#183,#184,#185,#186));
#2373=EDGE_LOOP('',(#187,#188,#189,#190));
#2374=EDGE_LOOP('',(#191,#192,#193,#194));
#2375=EDGE_LOOP('',(#195,#196,#197,#198));
#2376=EDGE_LOOP('',(#199,#200,#201,#202));
#2377=EDGE_LOOP('',(#203,#204,#205,#206));
#2378=EDGE_LOOP('',(#207,#208,#209,#210));
#2379=EDGE_LOOP('',(#211,#212,#213,#214));
#2380=EDGE_LOOP('',(#215,#216,#217,#218));
#2381=EDGE_LOOP('',(#219,#220,#221,#222));
#2382=EDGE_LOOP('',(#223,#224,#225,#226));
#2383=EDGE_LOOP('',(#227,#228,#229,#230));
#2384=EDGE_LOOP('',(#231,#232,#233,#234));
#2385=EDGE_LOOP('',(#235,#236,#237,#238));
#2386=EDGE_LOOP('',(#239,#240,#241,#242));
#2387=EDGE_LOOP('',(#243,#244,#245,#246));
#2388=EDGE_LOOP('',(#247,#248,#249,#250));
#2389=EDGE_LOOP('',(#251,#252,#253,#254));
#2390=EDGE_LOOP('',(#255,#256,#257,#258));
#2391=EDGE_LOOP('',(#259,#260,#261,#262));
#2392=EDGE_LOOP('',(#263,#264,#265,#266));
#2393=EDGE_LOOP('',(#267,#268,#269,#270));
#2394=EDGE_LOOP('',(#271,#272,#273,#274));
#2395=EDGE_LOOP('',(#275,#276,#277,#278));
#2396=EDGE_LOOP('',(#279,#280,#281,#282));
#2397=EDGE_LOOP('',(#283,#284,#285,#286));
#2398=EDGE_LOOP('',(#287));
#2399=EDGE_LOOP('',(#288,#289,#290,#291,#292,#293,#294,#295,#296,#297,#298,
#299,#300,#301,#302,#303));
#2400=EDGE_LOOP('',(#304));
#2401=EDGE_LOOP('',(#305,#306,#307,#308));
#2402=EDGE_LOOP('',(#309,#310,#311,#312));
#2403=EDGE_LOOP('',(#313,#314,#315,#316));
#2404=EDGE_LOOP('',(#317,#318,#319,#320));
#2405=EDGE_LOOP('',(#321,#322,#323,#324));
#2406=EDGE_LOOP('',(#325,#326,#327,#328));
#2407=EDGE_LOOP('',(#329,#330,#331,#332));
#2408=EDGE_LOOP('',(#333,#334,#335,#336));
#2409=EDGE_LOOP('',(#337,#338,#339,#340));
#2410=EDGE_LOOP('',(#341,#342,#343,#344));
#2411=EDGE_LOOP('',(#345,#346,#347,#348));
#2412=EDGE_LOOP('',(#349,#350,#351,#352));
#2413=EDGE_LOOP('',(#353,#354,#355,#356));
#2414=EDGE_LOOP('',(#357,#358,#359,#360));
#2415=EDGE_LOOP('',(#361,#362,#363,#364));
#2416=EDGE_LOOP('',(#365,#366,#367,#368));
#2417=EDGE_LOOP('',(#369,#370,#371,#372));
#2418=EDGE_LOOP('',(#373,#374,#375,#376));
#2419=EDGE_LOOP('',(#377,#378,#379,#380));
#2420=EDGE_LOOP('',(#381));
#2421=EDGE_LOOP('',(#382,#383,#384,#385));
#2422=EDGE_LOOP('',(#386,#387,#388,#389));
#2423=EDGE_LOOP('',(#390,#391,#392,#393));
#2424=EDGE_LOOP('',(#394,#395,#396,#397));
#2425=EDGE_LOOP('',(#398,#399,#400,#401));
#2426=EDGE_LOOP('',(#402,#403,#404,#405));
#2427=EDGE_LOOP('',(#406,#407,#408,#409));
#2428=EDGE_LOOP('',(#410,#411,#412,#413));
#2429=EDGE_LOOP('',(#414,#415,#416,#417));
#2430=EDGE_LOOP('',(#418,#419,#420,#421));
#2431=EDGE_LOOP('',(#422,#423,#424,#425));
#2432=EDGE_LOOP('',(#426,#427,#428,#429));
#2433=EDGE_LOOP('',(#430,#431,#432,#433));
#2434=EDGE_LOOP('',(#434,#435,#436,#437));
#2435=EDGE_LOOP('',(#438,#439,#440,#441));
#2436=EDGE_LOOP('',(#442,#443,#444,#445));
#2437=EDGE_LOOP('',(#446,#447,#448,#449));
#2438=EDGE_LOOP('',(#450,#451,#452,#453));
#2439=EDGE_LOOP('',(#454,#455,#456,#457));
#2440=EDGE_LOOP('',(#458,#459,#460,#461));
#2441=EDGE_LOOP('',(#462,#463,#464,#465));
#2442=EDGE_LOOP('',(#466,#467,#468,#469));
#2443=EDGE_LOOP('',(#470,#471,#472,#473));
#2444=EDGE_LOOP('',(#474,#475,#476,#477));
#2445=EDGE_LOOP('',(#478,#479,#480,#481));
#2446=EDGE_LOOP('',(#482,#483,#484,#485));
#2447=EDGE_LOOP('',(#486,#487,#488,#489));
#2448=EDGE_LOOP('',(#490,#491,#492,#493));
#2449=EDGE_LOOP('',(#494,#495,#496,#497));
#2450=EDGE_LOOP('',(#498,#499,#500,#501));
#2451=EDGE_LOOP('',(#502,#503,#504,#505));
#2452=EDGE_LOOP('',(#506,#507,#508,#509));
#2453=EDGE_LOOP('',(#510,#511,#512,#513));
#2454=EDGE_LOOP('',(#514,#515,#516,#517));
#2455=EDGE_LOOP('',(#518,#519,#520,#521));
#2456=EDGE_LOOP('',(#522,#523,#524,#525));
#2457=EDGE_LOOP('',(#526,#527,#528,#529));
#2458=EDGE_LOOP('',(#530,#531,#532,#533));
#2459=EDGE_LOOP('',(#534,#535,#536,#537));
#2460=EDGE_LOOP('',(#538,#539,#540,#541));
#2461=EDGE_LOOP('',(#542,#543,#544,#545));
#2462=EDGE_LOOP('',(#546,#547,#548,#549));
#2463=EDGE_LOOP('',(#550,#551,#552,#553));
#2464=EDGE_LOOP('',(#554,#555,#556,#557));
#2465=EDGE_LOOP('',(#558,#559,#560,#561));
#2466=EDGE_LOOP('',(#562,#563,#564,#565));
#2467=EDGE_LOOP('',(#566,#567,#568,#569));
#2468=EDGE_LOOP('',(#570,#571,#572,#573));
#2469=EDGE_LOOP('',(#574,#575,#576,#577));
#2470=EDGE_LOOP('',(#578,#579,#580,#581));
#2471=EDGE_LOOP('',(#582,#583,#584,#585));
#2472=EDGE_LOOP('',(#586,#587,#588,#589,#590,#591,#592,#593,#594,#595,#596,
#597,#598,#599,#600,#601));
#2473=EDGE_LOOP('',(#602,#603,#604,#605,#606,#607,#608,#609,#610,#611,#612,
#613,#614,#615,#616,#617));
#2474=EDGE_LOOP('',(#618,#619,#620,#621,#622,#623,#624,#625,#626,#627,#628,
#629,#630,#631,#632,#633));
#2475=EDGE_LOOP('',(#634,#635,#636,#637,#638,#639,#640,#641,#642,#643,#644,
#645,#646,#647,#648,#649));
#2476=EDGE_LOOP('',(#650,#651,#652,#653));
#2477=EDGE_LOOP('',(#654,#655,#656,#657));
#2478=EDGE_LOOP('',(#658,#659,#660,#661));
#2479=EDGE_LOOP('',(#662,#663,#664,#665));
#2480=EDGE_LOOP('',(#666,#667,#668,#669));
#2481=EDGE_LOOP('',(#670,#671,#672,#673));
#2482=EDGE_LOOP('',(#674,#675,#676,#677));
#2483=EDGE_LOOP('',(#678,#679,#680,#681));
#2484=EDGE_LOOP('',(#682,#683,#684,#685));
#2485=EDGE_LOOP('',(#686,#687,#688,#689));
#2486=EDGE_LOOP('',(#690,#691,#692,#693));
#2487=EDGE_LOOP('',(#694,#695,#696,#697));
#2488=EDGE_LOOP('',(#698,#699,#700,#701));
#2489=EDGE_LOOP('',(#702,#703,#704,#705));
#2490=EDGE_LOOP('',(#706,#707,#708,#709));
#2491=EDGE_LOOP('',(#710,#711,#712,#713));
#2492=EDGE_LOOP('',(#714,#715,#716,#717));
#2493=EDGE_LOOP('',(#718,#719,#720,#721));
#2494=EDGE_LOOP('',(#722,#723,#724,#725));
#2495=EDGE_LOOP('',(#726,#727,#728,#729));
#2496=EDGE_LOOP('',(#730,#731,#732,#733));
#2497=EDGE_LOOP('',(#734,#735,#736,#737));
#2498=EDGE_LOOP('',(#738,#739,#740,#741));
#2499=EDGE_LOOP('',(#742,#743,#744,#745));
#2500=EDGE_LOOP('',(#746,#747,#748,#749));
#2501=EDGE_LOOP('',(#750,#751,#752,#753));
#2502=EDGE_LOOP('',(#754,#755,#756,#757));
#2503=EDGE_LOOP('',(#758,#759,#760,#761));
#2504=EDGE_LOOP('',(#762,#763,#764,#765,#766,#767,#768,#769,#770,#771,#772,
#773));
#2505=EDGE_LOOP('',(#774,#775,#776,#777,#778,#779,#780,#781,#782,#783,#784,
#785,#786,#787,#788,#789));
#2506=EDGE_LOOP('',(#790,#791,#792,#793,#794,#795,#796,#797,#798,#799,#800,
#801));
#2507=EDGE_LOOP('',(#802));
#2508=EDGE_LOOP('',(#803));
#2509=EDGE_LOOP('',(#804,#805));
#2510=EDGE_LOOP('',(#806,#807,#808,#809));
#2511=EDGE_LOOP('',(#810,#811,#812,#813));
#2512=EDGE_LOOP('',(#814,#815));
#2513=EDGE_LOOP('',(#816));
#2514=EDGE_LOOP('',(#817));
#2515=EDGE_LOOP('',(#818));
#2516=EDGE_LOOP('',(#819,#820,#821,#822));
#2517=EDGE_LOOP('',(#823,#824,#825,#826));
#2518=EDGE_LOOP('',(#827,#828,#829,#830));
#2519=EDGE_LOOP('',(#831,#832,#833,#834));
#2520=EDGE_LOOP('',(#835,#836,#837,#838));
#2521=EDGE_LOOP('',(#839,#840,#841,#842));
#2522=EDGE_LOOP('',(#843,#844,#845,#846));
#2523=EDGE_LOOP('',(#847,#848,#849,#850));
#2524=EDGE_LOOP('',(#851,#852,#853,#854));
#2525=EDGE_LOOP('',(#855,#856,#857,#858));
#2526=EDGE_LOOP('',(#859,#860,#861,#862));
#2527=EDGE_LOOP('',(#863,#864,#865,#866));
#2528=EDGE_LOOP('',(#867,#868,#869,#870));
#2529=EDGE_LOOP('',(#871,#872,#873,#874));
#2530=EDGE_LOOP('',(#875,#876,#877,#878));
#2531=EDGE_LOOP('',(#879,#880,#881,#882));
#2532=EDGE_LOOP('',(#883,#884,#885,#886));
#2533=EDGE_LOOP('',(#887,#888,#889,#890));
#2534=EDGE_LOOP('',(#891,#892,#893,#894));
#2535=FACE_BOUND('',#2341,.T.);
#2536=FACE_BOUND('',#2342,.T.);
#2537=FACE_BOUND('',#2343,.T.);
#2538=FACE_BOUND('',#2344,.T.);
#2539=FACE_BOUND('',#2345,.T.);
#2540=FACE_BOUND('',#2346,.T.);
#2541=FACE_BOUND('',#2347,.T.);
#2542=FACE_BOUND('',#2348,.T.);
#2543=FACE_BOUND('',#2349,.T.);
#2544=FACE_BOUND('',#2350,.T.);
#2545=FACE_BOUND('',#2351,.T.);
#2546=FACE_BOUND('',#2352,.T.);
#2547=FACE_BOUND('',#2353,.T.);
#2548=FACE_BOUND('',#2354,.T.);
#2549=FACE_BOUND('',#2355,.T.);
#2550=FACE_BOUND('',#2356,.T.);
#2551=FACE_BOUND('',#2357,.T.);
#2552=FACE_BOUND('',#2358,.T.);
#2553=FACE_BOUND('',#2359,.T.);
#2554=FACE_BOUND('',#2360,.T.);
#2555=FACE_BOUND('',#2361,.T.);
#2556=FACE_BOUND('',#2362,.T.);
#2557=FACE_BOUND('',#2363,.T.);
#2558=FACE_BOUND('',#2364,.T.);
#2559=FACE_BOUND('',#2365,.T.);
#2560=FACE_BOUND('',#2366,.T.);
#2561=FACE_BOUND('',#2367,.T.);
#2562=FACE_BOUND('',#2368,.T.);
#2563=FACE_BOUND('',#2369,.T.);
#2564=FACE_BOUND('',#2370,.T.);
#2565=FACE_BOUND('',#2371,.T.);
#2566=FACE_BOUND('',#2372,.T.);
#2567=FACE_BOUND('',#2373,.T.);
#2568=FACE_BOUND('',#2374,.T.);
#2569=FACE_BOUND('',#2375,.T.);
#2570=FACE_BOUND('',#2376,.T.);
#2571=FACE_BOUND('',#2377,.T.);
#2572=FACE_BOUND('',#2378,.T.);
#2573=FACE_BOUND('',#2379,.T.);
#2574=FACE_BOUND('',#2380,.T.);
#2575=FACE_BOUND('',#2381,.T.);
#2576=FACE_BOUND('',#2382,.T.);
#2577=FACE_BOUND('',#2383,.T.);
#2578=FACE_BOUND('',#2384,.T.);
#2579=FACE_BOUND('',#2385,.T.);
#2580=FACE_BOUND('',#2386,.T.);
#2581=FACE_BOUND('',#2387,.T.);
#2582=FACE_BOUND('',#2388,.T.);
#2583=FACE_BOUND('',#2389,.T.);
#2584=FACE_BOUND('',#2390,.T.);
#2585=FACE_BOUND('',#2391,.T.);
#2586=FACE_BOUND('',#2392,.T.);
#2587=FACE_BOUND('',#2393,.T.);
#2588=FACE_BOUND('',#2394,.T.);
#2589=FACE_BOUND('',#2395,.T.);
#2590=FACE_BOUND('',#2396,.T.);
#2591=FACE_BOUND('',#2397,.T.);
#2592=FACE_BOUND('',#2398,.T.);
#2593=FACE_BOUND('',#2399,.T.);
#2594=FACE_BOUND('',#2400,.T.);
#2595=FACE_BOUND('',#2401,.T.);
#2596=FACE_BOUND('',#2402,.T.);
#2597=FACE_BOUND('',#2403,.T.);
#2598=FACE_BOUND('',#2404,.T.);
#2599=FACE_BOUND('',#2405,.T.);
#2600=FACE_BOUND('',#2406,.T.);
#2601=FACE_BOUND('',#2407,.T.);
#2602=FACE_BOUND('',#2408,.T.);
#2603=FACE_BOUND('',#2409,.T.);
#2604=FACE_BOUND('',#2410,.T.);
#2605=FACE_BOUND('',#2411,.T.);
#2606=FACE_BOUND('',#2412,.T.);
#2607=FACE_BOUND('',#2413,.T.);
#2608=FACE_BOUND('',#2414,.T.);
#2609=FACE_BOUND('',#2415,.T.);
#2610=FACE_BOUND('',#2416,.T.);
#2611=FACE_BOUND('',#2417,.T.);
#2612=FACE_BOUND('',#2418,.T.);
#2613=FACE_BOUND('',#2419,.T.);
#2614=FACE_BOUND('',#2420,.T.);
#2615=FACE_BOUND('',#2421,.T.);
#2616=FACE_BOUND('',#2422,.T.);
#2617=FACE_BOUND('',#2423,.T.);
#2618=FACE_BOUND('',#2424,.T.);
#2619=FACE_BOUND('',#2425,.T.);
#2620=FACE_BOUND('',#2426,.T.);
#2621=FACE_BOUND('',#2427,.T.);
#2622=FACE_BOUND('',#2428,.T.);
#2623=FACE_BOUND('',#2429,.T.);
#2624=FACE_BOUND('',#2430,.T.);
#2625=FACE_BOUND('',#2431,.T.);
#2626=FACE_BOUND('',#2432,.T.);
#2627=FACE_BOUND('',#2433,.T.);
#2628=FACE_BOUND('',#2434,.T.);
#2629=FACE_BOUND('',#2435,.T.);
#2630=FACE_BOUND('',#2436,.T.);
#2631=FACE_BOUND('',#2437,.T.);
#2632=FACE_BOUND('',#2438,.T.);
#2633=FACE_BOUND('',#2439,.T.);
#2634=FACE_BOUND('',#2440,.T.);
#2635=FACE_BOUND('',#2441,.T.);
#2636=FACE_BOUND('',#2442,.T.);
#2637=FACE_BOUND('',#2443,.T.);
#2638=FACE_BOUND('',#2444,.T.);
#2639=FACE_BOUND('',#2445,.T.);
#2640=FACE_BOUND('',#2446,.T.);
#2641=FACE_BOUND('',#2447,.T.);
#2642=FACE_BOUND('',#2448,.T.);
#2643=FACE_BOUND('',#2449,.T.);
#2644=FACE_BOUND('',#2450,.T.);
#2645=FACE_BOUND('',#2451,.T.);
#2646=FACE_BOUND('',#2452,.T.);
#2647=FACE_BOUND('',#2453,.T.);
#2648=FACE_BOUND('',#2454,.T.);
#2649=FACE_BOUND('',#2455,.T.);
#2650=FACE_BOUND('',#2456,.T.);
#2651=FACE_BOUND('',#2457,.T.);
#2652=FACE_BOUND('',#2458,.T.);
#2653=FACE_BOUND('',#2459,.T.);
#2654=FACE_BOUND('',#2460,.T.);
#2655=FACE_BOUND('',#2461,.T.);
#2656=FACE_BOUND('',#2462,.T.);
#2657=FACE_BOUND('',#2463,.T.);
#2658=FACE_BOUND('',#2464,.T.);
#2659=FACE_BOUND('',#2465,.T.);
#2660=FACE_BOUND('',#2466,.T.);
#2661=FACE_BOUND('',#2467,.T.);
#2662=FACE_BOUND('',#2468,.T.);
#2663=FACE_BOUND('',#2469,.T.);
#2664=FACE_BOUND('',#2470,.T.);
#2665=FACE_BOUND('',#2471,.T.);
#2666=FACE_BOUND('',#2472,.T.);
#2667=FACE_BOUND('',#2473,.T.);
#2668=FACE_BOUND('',#2474,.T.);
#2669=FACE_BOUND('',#2475,.T.);
#2670=FACE_BOUND('',#2476,.T.);
#2671=FACE_BOUND('',#2477,.T.);
#2672=FACE_BOUND('',#2478,.T.);
#2673=FACE_BOUND('',#2479,.T.);
#2674=FACE_BOUND('',#2480,.T.);
#2675=FACE_BOUND('',#2481,.T.);
#2676=FACE_BOUND('',#2482,.T.);
#2677=FACE_BOUND('',#2483,.T.);
#2678=FACE_BOUND('',#2484,.T.);
#2679=FACE_BOUND('',#2485,.T.);
#2680=FACE_BOUND('',#2486,.T.);
#2681=FACE_BOUND('',#2487,.T.);
#2682=FACE_BOUND('',#2488,.T.);
#2683=FACE_BOUND('',#2489,.T.);
#2684=FACE_BOUND('',#2490,.T.);
#2685=FACE_BOUND('',#2491,.T.);
#2686=FACE_BOUND('',#2492,.T.);
#2687=FACE_BOUND('',#2493,.T.);
#2688=FACE_BOUND('',#2494,.T.);
#2689=FACE_BOUND('',#2495,.T.);
#2690=FACE_BOUND('',#2496,.T.);
#2691=FACE_BOUND('',#2497,.T.);
#2692=FACE_BOUND('',#2498,.T.);
#2693=FACE_BOUND('',#2499,.T.);
#2694=FACE_BOUND('',#2500,.T.);
#2695=FACE_BOUND('',#2501,.T.);
#2696=FACE_BOUND('',#2502,.T.);
#2697=FACE_BOUND('',#2503,.T.);
#2698=FACE_BOUND('',#2504,.T.);
#2699=FACE_BOUND('',#2505,.T.);
#2700=FACE_BOUND('',#2506,.T.);
#2701=FACE_BOUND('',#2507,.T.);
#2702=FACE_BOUND('',#2508,.T.);
#2703=FACE_BOUND('',#2509,.T.);
#2704=FACE_BOUND('',#2510,.T.);
#2705=FACE_BOUND('',#2511,.T.);
#2706=FACE_BOUND('',#2512,.T.);
#2707=FACE_BOUND('',#2513,.T.);
#2708=FACE_BOUND('',#2514,.T.);
#2709=FACE_BOUND('',#2515,.T.);
#2710=FACE_BOUND('',#2516,.T.);
#2711=FACE_BOUND('',#2517,.T.);
#2712=FACE_BOUND('',#2518,.T.);
#2713=FACE_BOUND('',#2519,.T.);
#2714=FACE_BOUND('',#2520,.T.);
#2715=FACE_BOUND('',#2521,.T.);
#2716=FACE_BOUND('',#2522,.T.);
#2717=FACE_BOUND('',#2523,.T.);
#2718=FACE_BOUND('',#2524,.T.);
#2719=FACE_BOUND('',#2525,.T.);
#2720=FACE_BOUND('',#2526,.T.);
#2721=FACE_BOUND('',#2527,.T.);
#2722=FACE_BOUND('',#2528,.T.);
#2723=FACE_BOUND('',#2529,.T.);
#2724=FACE_BOUND('',#2530,.T.);
#2725=FACE_BOUND('',#2531,.T.);
#2726=FACE_BOUND('',#2532,.T.);
#2727=FACE_BOUND('',#2533,.T.);
#2728=FACE_BOUND('',#2534,.T.);
#2729=PLANE('',#3073);
#2730=PLANE('',#3074);
#2731=PLANE('',#3075);
#2732=PLANE('',#3076);
#2733=PLANE('',#3077);
#2734=PLANE('',#3078);
#2735=PLANE('',#3079);
#2736=PLANE('',#3080);
#2737=PLANE('',#3081);
#2738=PLANE('',#3082);
#2739=PLANE('',#3083);
#2740=PLANE('',#3084);
#2741=PLANE('',#3085);
#2742=PLANE('',#3086);
#2743=PLANE('',#3087);
#2744=PLANE('',#3088);
#2745=PLANE('',#3089);
#2746=PLANE('',#3090);
#2747=PLANE('',#3091);
#2748=PLANE('',#3092);
#2749=PLANE('',#3093);
#2750=PLANE('',#3094);
#2751=PLANE('',#3095);
#2752=PLANE('',#3096);
#2753=PLANE('',#3097);
#2754=PLANE('',#3098);
#2755=PLANE('',#3099);
#2756=PLANE('',#3100);
#2757=PLANE('',#3101);
#2758=PLANE('',#3102);
#2759=PLANE('',#3103);
#2760=PLANE('',#3104);
#2761=PLANE('',#3105);
#2762=PLANE('',#3106);
#2763=PLANE('',#3107);
#2764=PLANE('',#3108);
#2765=PLANE('',#3109);
#2766=PLANE('',#3110);
#2767=PLANE('',#3111);
#2768=PLANE('',#3112);
#2769=PLANE('',#3113);
#2770=PLANE('',#3114);
#2771=PLANE('',#3115);
#2772=PLANE('',#3116);
#2773=PLANE('',#3117);
#2774=PLANE('',#3118);
#2775=PLANE('',#3119);
#2776=PLANE('',#3120);
#2777=PLANE('',#3121);
#2778=PLANE('',#3122);
#2779=PLANE('',#3123);
#2780=PLANE('',#3124);
#2781=PLANE('',#3125);
#2782=PLANE('',#3126);
#2783=PLANE('',#3127);
#2784=PLANE('',#3128);
#2785=PLANE('',#3129);
#2786=PLANE('',#3130);
#2787=PLANE('',#3172);
#2788=PLANE('',#3173);
#2789=PLANE('',#3174);
#2790=PLANE('',#3175);
#2791=PLANE('',#3176);
#2792=PLANE('',#3177);
#2793=PLANE('',#3178);
#2794=PLANE('',#3179);
#2795=PLANE('',#3180);
#2796=PLANE('',#3181);
#2797=PLANE('',#3182);
#2798=PLANE('',#3183);
#2799=PLANE('',#3184);
#2800=PLANE('',#3185);
#2801=PLANE('',#3186);
#2802=PLANE('',#3187);
#2803=PLANE('',#3188);
#2804=PLANE('',#3189);
#2805=PLANE('',#3190);
#2806=PLANE('',#3191);
#2807=PLANE('',#3192);
#2808=PLANE('',#3193);
#2809=PLANE('',#3194);
#2810=PLANE('',#3195);
#2811=PLANE('',#3196);
#2812=PLANE('',#3197);
#2813=PLANE('',#3198);
#2814=PLANE('',#3199);
#2815=PLANE('',#3200);
#2816=PLANE('',#3201);
#2817=PLANE('',#3202);
#2818=PLANE('',#3203);
#2819=PLANE('',#3204);
#2820=PLANE('',#3205);
#2821=PLANE('',#3206);
#2822=PLANE('',#3207);
#2823=PLANE('',#3208);
#2824=PLANE('',#3209);
#2825=PLANE('',#3210);
#2826=PLANE('',#3211);
#2827=PLANE('',#3212);
#2828=PLANE('',#3213);
#2829=PLANE('',#3214);
#2830=PLANE('',#3215);
#2831=PLANE('',#3216);
#2832=PLANE('',#3217);
#2833=PLANE('',#3218);
#2834=PLANE('',#3219);
#2835=PLANE('',#3220);
#2836=PLANE('',#3221);
#2837=PLANE('',#3222);
#2838=PLANE('',#3223);
#2839=PLANE('',#3224);
#2840=PLANE('',#3225);
#2841=PLANE('',#3226);
#2842=PLANE('',#3227);
#2843=PLANE('',#3228);
#2844=PLANE('',#3229);
#2845=PLANE('',#3230);
#2846=PLANE('',#3231);
#2847=PLANE('',#3232);
#2848=PLANE('',#3233);
#2849=PLANE('',#3234);
#2850=PLANE('',#3235);
#2851=PLANE('',#3236);
#2852=PLANE('',#3237);
#2853=PLANE('',#3238);
#2854=PLANE('',#3239);
#2855=PLANE('',#3240);
#2856=PLANE('',#3241);
#2857=PLANE('',#3242);
#2858=PLANE('',#3243);
#2859=PLANE('',#3244);
#2860=PLANE('',#3245);
#2861=PLANE('',#3246);
#2862=PLANE('',#3247);
#2863=PLANE('',#3248);
#2864=PLANE('',#3249);
#2865=PLANE('',#3250);
#2866=PLANE('',#3251);
#2867=PLANE('',#3252);
#2868=PLANE('',#3253);
#2869=PLANE('',#3254);
#2870=PLANE('',#3255);
#2871=PLANE('',#3257);
#2872=PLANE('',#3259);
#2873=PLANE('',#3262);
#2874=PLANE('',#3265);
#2875=PLANE('',#3266);
#2876=PLANE('',#3267);
#2877=PLANE('',#3268);
#2878=PLANE('',#3269);
#2879=PLANE('',#3270);
#2880=PLANE('',#3271);
#2881=PLANE('',#3272);
#2882=PLANE('',#3273);
#2883=PLANE('',#3274);
#2884=PLANE('',#3275);
#2885=PLANE('',#3276);
#2886=PLANE('',#3277);
#2887=PLANE('',#3278);
#2888=PLANE('',#3279);
#2889=PLANE('',#3280);
#2890=PLANE('',#3281);
#2891=PLANE('',#3282);
#2892=PLANE('',#3283);
#2893=ADVANCED_FACE('',(#2535),#2729,.T.);
#2894=ADVANCED_FACE('',(#2536),#2730,.F.);
#2895=ADVANCED_FACE('',(#2537),#2731,.T.);
#2896=ADVANCED_FACE('',(#2538),#2732,.T.);
#2897=ADVANCED_FACE('',(#2539),#2733,.F.);
#2898=ADVANCED_FACE('',(#2540),#2734,.T.);
#2899=ADVANCED_FACE('',(#2541),#2735,.T.);
#2900=ADVANCED_FACE('',(#2542),#2736,.F.);
#2901=ADVANCED_FACE('',(#2543),#2737,.T.);
#2902=ADVANCED_FACE('',(#2544),#2738,.T.);
#2903=ADVANCED_FACE('',(#2545),#2739,.F.);
#2904=ADVANCED_FACE('',(#2546),#2740,.T.);
#2905=ADVANCED_FACE('',(#2547),#2741,.T.);
#2906=ADVANCED_FACE('',(#2548),#2742,.F.);
#2907=ADVANCED_FACE('',(#2549),#2743,.T.);
#2908=ADVANCED_FACE('',(#2550),#2744,.T.);
#2909=ADVANCED_FACE('',(#2551),#2745,.F.);
#2910=ADVANCED_FACE('',(#2552),#2746,.T.);
#2911=ADVANCED_FACE('',(#2553),#2747,.T.);
#2912=ADVANCED_FACE('',(#2554),#2748,.F.);
#2913=ADVANCED_FACE('',(#2555),#2749,.T.);
#2914=ADVANCED_FACE('',(#2556),#2750,.T.);
#2915=ADVANCED_FACE('',(#2557),#2751,.F.);
#2916=ADVANCED_FACE('',(#2558),#2752,.T.);
#2917=ADVANCED_FACE('',(#2559),#2753,.T.);
#2918=ADVANCED_FACE('',(#2560),#2754,.F.);
#2919=ADVANCED_FACE('',(#2561),#2755,.T.);
#2920=ADVANCED_FACE('',(#2562),#2756,.T.);
#2921=ADVANCED_FACE('',(#2563),#2757,.F.);
#2922=ADVANCED_FACE('',(#2564),#2758,.T.);
#2923=ADVANCED_FACE('',(#2565),#2759,.T.);
#2924=ADVANCED_FACE('',(#2566),#2760,.F.);
#2925=ADVANCED_FACE('',(#2567),#2761,.T.);
#2926=ADVANCED_FACE('',(#2568),#2762,.T.);
#2927=ADVANCED_FACE('',(#2569),#2763,.F.);
#2928=ADVANCED_FACE('',(#2570),#2764,.T.);
#2929=ADVANCED_FACE('',(#2571),#2765,.T.);
#2930=ADVANCED_FACE('',(#2572),#2766,.F.);
#2931=ADVANCED_FACE('',(#2573),#2767,.T.);
#2932=ADVANCED_FACE('',(#2574),#2768,.T.);
#2933=ADVANCED_FACE('',(#2575),#2769,.F.);
#2934=ADVANCED_FACE('',(#2576),#2770,.T.);
#2935=ADVANCED_FACE('',(#2577),#2771,.T.);
#2936=ADVANCED_FACE('',(#2578),#2772,.F.);
#2937=ADVANCED_FACE('',(#2579),#2773,.T.);
#2938=ADVANCED_FACE('',(#2580),#2774,.T.);
#2939=ADVANCED_FACE('',(#2581),#2775,.F.);
#2940=ADVANCED_FACE('',(#2582),#2776,.T.);
#2941=ADVANCED_FACE('',(#2583),#2777,.T.);
#2942=ADVANCED_FACE('',(#2584),#2778,.F.);
#2943=ADVANCED_FACE('',(#2585),#2779,.T.);
#2944=ADVANCED_FACE('',(#2586),#2780,.T.);
#2945=ADVANCED_FACE('',(#2587),#2781,.F.);
#2946=ADVANCED_FACE('',(#2588),#2782,.T.);
#2947=ADVANCED_FACE('',(#2589),#2783,.T.);
#2948=ADVANCED_FACE('',(#2590),#2784,.F.);
#2949=ADVANCED_FACE('',(#2591),#2785,.T.);
#2950=ADVANCED_FACE('',(#2592,#2593),#2786,.T.);
#2951=ADVANCED_FACE('',(#2594,#2595,#2596,#2597,#2598,#2599,#2600,#2601,
#2602,#2603,#2604,#2605,#2606,#2607,#2608,#2609,#2610,#2611,#2612,#2613,
#2614),#12,.T.);
#2952=ADVANCED_FACE('',(#2615),#2787,.F.);
#2953=ADVANCED_FACE('',(#2616),#2788,.F.);
#2954=ADVANCED_FACE('',(#2617),#2789,.F.);
#2955=ADVANCED_FACE('',(#2618),#2790,.F.);
#2956=ADVANCED_FACE('',(#2619),#2791,.F.);
#2957=ADVANCED_FACE('',(#2620),#2792,.F.);
#2958=ADVANCED_FACE('',(#2621),#2793,.F.);
#2959=ADVANCED_FACE('',(#2622),#2794,.F.);
#2960=ADVANCED_FACE('',(#2623),#2795,.F.);
#2961=ADVANCED_FACE('',(#2624),#2796,.F.);
#2962=ADVANCED_FACE('',(#2625),#2797,.F.);
#2963=ADVANCED_FACE('',(#2626),#2798,.F.);
#2964=ADVANCED_FACE('',(#2627),#2799,.F.);
#2965=ADVANCED_FACE('',(#2628),#2800,.F.);
#2966=ADVANCED_FACE('',(#2629),#2801,.F.);
#2967=ADVANCED_FACE('',(#2630),#2802,.F.);
#2968=ADVANCED_FACE('',(#2631),#2803,.F.);
#2969=ADVANCED_FACE('',(#2632),#2804,.F.);
#2970=ADVANCED_FACE('',(#2633),#2805,.F.);
#2971=ADVANCED_FACE('',(#2634),#2806,.T.);
#2972=ADVANCED_FACE('',(#2635),#2807,.T.);
#2973=ADVANCED_FACE('',(#2636),#2808,.T.);
#2974=ADVANCED_FACE('',(#2637),#2809,.T.);
#2975=ADVANCED_FACE('',(#2638),#2810,.T.);
#2976=ADVANCED_FACE('',(#2639),#2811,.T.);
#2977=ADVANCED_FACE('',(#2640),#2812,.T.);
#2978=ADVANCED_FACE('',(#2641),#2813,.T.);
#2979=ADVANCED_FACE('',(#2642),#2814,.T.);
#2980=ADVANCED_FACE('',(#2643),#2815,.T.);
#2981=ADVANCED_FACE('',(#2644),#2816,.T.);
#2982=ADVANCED_FACE('',(#2645),#2817,.T.);
#2983=ADVANCED_FACE('',(#2646),#2818,.T.);
#2984=ADVANCED_FACE('',(#2647),#2819,.T.);
#2985=ADVANCED_FACE('',(#2648),#2820,.T.);
#2986=ADVANCED_FACE('',(#2649),#2821,.T.);
#2987=ADVANCED_FACE('',(#2650),#2822,.T.);
#2988=ADVANCED_FACE('',(#2651),#2823,.T.);
#2989=ADVANCED_FACE('',(#2652),#2824,.T.);
#2990=ADVANCED_FACE('',(#2653),#2825,.T.);
#2991=ADVANCED_FACE('',(#2654),#2826,.T.);
#2992=ADVANCED_FACE('',(#2655),#2827,.T.);
#2993=ADVANCED_FACE('',(#2656),#2828,.T.);
#2994=ADVANCED_FACE('',(#2657),#2829,.T.);
#2995=ADVANCED_FACE('',(#2658),#2830,.T.);
#2996=ADVANCED_FACE('',(#2659),#2831,.T.);
#2997=ADVANCED_FACE('',(#2660),#2832,.T.);
#2998=ADVANCED_FACE('',(#2661),#2833,.T.);
#2999=ADVANCED_FACE('',(#2662),#2834,.T.);
#3000=ADVANCED_FACE('',(#2663),#2835,.T.);
#3001=ADVANCED_FACE('',(#2664),#2836,.T.);
#3002=ADVANCED_FACE('',(#2665),#2837,.T.);
#3003=ADVANCED_FACE('',(#2666,#2667),#2838,.T.);
#3004=ADVANCED_FACE('',(#2668,#2669),#2839,.T.);
#3005=ADVANCED_FACE('',(#2670),#2840,.F.);
#3006=ADVANCED_FACE('',(#2671),#2841,.F.);
#3007=ADVANCED_FACE('',(#2672),#2842,.F.);
#3008=ADVANCED_FACE('',(#2673),#2843,.F.);
#3009=ADVANCED_FACE('',(#2674),#2844,.F.);
#3010=ADVANCED_FACE('',(#2675),#2845,.F.);
#3011=ADVANCED_FACE('',(#2676),#2846,.F.);
#3012=ADVANCED_FACE('',(#2677),#2847,.F.);
#3013=ADVANCED_FACE('',(#2678),#2848,.F.);
#3014=ADVANCED_FACE('',(#2679),#2849,.F.);
#3015=ADVANCED_FACE('',(#2680),#2850,.F.);
#3016=ADVANCED_FACE('',(#2681),#2851,.F.);
#3017=ADVANCED_FACE('',(#2682),#2852,.F.);
#3018=ADVANCED_FACE('',(#2683),#2853,.F.);
#3019=ADVANCED_FACE('',(#2684),#2854,.F.);
#3020=ADVANCED_FACE('',(#2685),#2855,.F.);
#3021=ADVANCED_FACE('',(#2686),#2856,.F.);
#3022=ADVANCED_FACE('',(#2687),#2857,.F.);
#3023=ADVANCED_FACE('',(#2688),#2858,.F.);
#3024=ADVANCED_FACE('',(#2689),#2859,.F.);
#3025=ADVANCED_FACE('',(#2690),#2860,.F.);
#3026=ADVANCED_FACE('',(#2691),#2861,.F.);
#3027=ADVANCED_FACE('',(#2692),#2862,.F.);
#3028=ADVANCED_FACE('',(#2693),#2863,.F.);
#3029=ADVANCED_FACE('',(#2694),#2864,.F.);
#3030=ADVANCED_FACE('',(#2695),#2865,.F.);
#3031=ADVANCED_FACE('',(#2696),#2866,.F.);
#3032=ADVANCED_FACE('',(#2697),#2867,.F.);
#3033=ADVANCED_FACE('',(#2698,#2699),#2868,.T.);
#3034=ADVANCED_FACE('',(#2700),#2869,.T.);
#3035=ADVANCED_FACE('',(#2701,#2702),#2870,.T.);
#3036=ADVANCED_FACE('',(#2703),#2871,.F.);
#3037=ADVANCED_FACE('',(#2704),#2872,.F.);
#3038=ADVANCED_FACE('',(#2705),#13,.F.);
#3039=ADVANCED_FACE('',(#2706,#2707),#2873,.F.);
#3040=ADVANCED_FACE('',(#2708,#2709),#14,.F.);
#3041=ADVANCED_FACE('',(#2710),#2874,.F.);
#3042=ADVANCED_FACE('',(#2711),#2875,.F.);
#3043=ADVANCED_FACE('',(#2712),#2876,.F.);
#3044=ADVANCED_FACE('',(#2713),#2877,.F.);
#3045=ADVANCED_FACE('',(#2714),#2878,.F.);
#3046=ADVANCED_FACE('',(#2715),#2879,.F.);
#3047=ADVANCED_FACE('',(#2716),#2880,.F.);
#3048=ADVANCED_FACE('',(#2717),#2881,.F.);
#3049=ADVANCED_FACE('',(#2718),#2882,.F.);
#3050=ADVANCED_FACE('',(#2719),#2883,.F.);
#3051=ADVANCED_FACE('',(#2720),#2884,.F.);
#3052=ADVANCED_FACE('',(#2721),#2885,.F.);
#3053=ADVANCED_FACE('',(#2722),#2886,.F.);
#3054=ADVANCED_FACE('',(#2723),#2887,.F.);
#3055=ADVANCED_FACE('',(#2724),#2888,.F.);
#3056=ADVANCED_FACE('',(#2725),#2889,.F.);
#3057=ADVANCED_FACE('',(#2726),#2890,.F.);
#3058=ADVANCED_FACE('',(#2727),#2891,.F.);
#3059=ADVANCED_FACE('',(#2728),#2892,.F.);
#3060=CLOSED_SHELL('',(#2893,#2894,#2895,#2896,#2897,#2898,#2899,#2900,
#2901,#2902,#2903,#2904,#2905,#2906,#2907,#2908,#2909,#2910,#2911,#2912,
#2913,#2914,#2915,#2916,#2917,#2918,#2919,#2920,#2921,#2922,#2923,#2924,
#2925,#2926,#2927,#2928,#2929,#2930,#2931,#2932,#2933,#2934,#2935,#2936,
#2937,#2938,#2939,#2940,#2941,#2942,#2943,#2944,#2945,#2946,#2947,#2948,
#2949,#2950,#2951,#2952,#2953,#2954,#2955,#2956,#2957,#2958,#2959,#2960,
#2961,#2962,#2963,#2964,#2965,#2966,#2967,#2968,#2969,#2970,#2971,#2972,
#2973,#2974,#2975,#2976,#2977,#2978,#2979,#2980,#2981,#2982,#2983,#2984,
#2985,#2986,#2987,#2988,#2989,#2990,#2991,#2992,#2993,#2994,#2995,#2996,
#2997,#2998,#2999,#3000,#3001,#3002,#3003,#3004,#3005,#3006,#3007,#3008,
#3009,#3010,#3011,#3012,#3013,#3014,#3015,#3016,#3017,#3018,#3019,#3020,
#3021,#3022,#3023,#3024,#3025,#3026,#3027,#3028,#3029,#3030,#3031,#3032,
#3033,#3034,#3035,#3036,#3037,#3038,#3039,#3040,#3041,#3042,#3043,#3044,
#3045,#3046,#3047,#3048,#3049,#3050,#3051,#3052,#3053,#3054,#3055,#3056,
#3057,#3058,#3059));
#3061=STYLED_ITEM('',(#3062),#3069);
#3062=PRESENTATION_STYLE_ASSIGNMENT((#3063));
#3063=SURFACE_STYLE_USAGE(.BOTH.,#3064);
#3064=SURFACE_SIDE_STYLE('',(#3065));
#3065=SURFACE_STYLE_FILL_AREA(#3066);
#3066=FILL_AREA_STYLE('',(#3067));
#3067=FILL_AREA_STYLE_COLOUR('',#3068);
#3068=COLOUR_RGB('',0.301960784313725,0.301960784313725,0.301960784313725);
#3069=MANIFOLD_SOLID_BREP('Part 1',#3060);
#3070=SHAPE_DEFINITION_REPRESENTATION(#4954,#3071);
#3071=SHAPE_REPRESENTATION('Part 1',(#3072),#4949);
#3072=AXIS2_PLACEMENT_3D('',#4082,#3284,#3285);
#3073=AXIS2_PLACEMENT_3D('',#4083,#3286,#3287);
#3074=AXIS2_PLACEMENT_3D('',#4092,#3292,#3293);
#3075=AXIS2_PLACEMENT_3D('',#4101,#3298,#3299);
#3076=AXIS2_PLACEMENT_3D('',#4104,#3302,#3303);
#3077=AXIS2_PLACEMENT_3D('',#4113,#3308,#3309);
#3078=AXIS2_PLACEMENT_3D('',#4122,#3314,#3315);
#3079=AXIS2_PLACEMENT_3D('',#4125,#3318,#3319);
#3080=AXIS2_PLACEMENT_3D('',#4134,#3324,#3325);
#3081=AXIS2_PLACEMENT_3D('',#4143,#3330,#3331);
#3082=AXIS2_PLACEMENT_3D('',#4146,#3334,#3335);
#3083=AXIS2_PLACEMENT_3D('',#4155,#3340,#3341);
#3084=AXIS2_PLACEMENT_3D('',#4164,#3346,#3347);
#3085=AXIS2_PLACEMENT_3D('',#4167,#3350,#3351);
#3086=AXIS2_PLACEMENT_3D('',#4176,#3356,#3357);
#3087=AXIS2_PLACEMENT_3D('',#4185,#3362,#3363);
#3088=AXIS2_PLACEMENT_3D('',#4188,#3366,#3367);
#3089=AXIS2_PLACEMENT_3D('',#4197,#3372,#3373);
#3090=AXIS2_PLACEMENT_3D('',#4206,#3378,#3379);
#3091=AXIS2_PLACEMENT_3D('',#4209,#3382,#3383);
#3092=AXIS2_PLACEMENT_3D('',#4218,#3388,#3389);
#3093=AXIS2_PLACEMENT_3D('',#4227,#3394,#3395);
#3094=AXIS2_PLACEMENT_3D('',#4230,#3398,#3399);
#3095=AXIS2_PLACEMENT_3D('',#4239,#3404,#3405);
#3096=AXIS2_PLACEMENT_3D('',#4248,#3410,#3411);
#3097=AXIS2_PLACEMENT_3D('',#4251,#3414,#3415);
#3098=AXIS2_PLACEMENT_3D('',#4260,#3420,#3421);
#3099=AXIS2_PLACEMENT_3D('',#4269,#3426,#3427);
#3100=AXIS2_PLACEMENT_3D('',#4272,#3430,#3431);
#3101=AXIS2_PLACEMENT_3D('',#4281,#3436,#3437);
#3102=AXIS2_PLACEMENT_3D('',#4290,#3442,#3443);
#3103=AXIS2_PLACEMENT_3D('',#4293,#3446,#3447);
#3104=AXIS2_PLACEMENT_3D('',#4302,#3452,#3453);
#3105=AXIS2_PLACEMENT_3D('',#4311,#3458,#3459);
#3106=AXIS2_PLACEMENT_3D('',#4314,#3462,#3463);
#3107=AXIS2_PLACEMENT_3D('',#4323,#3468,#3469);
#3108=AXIS2_PLACEMENT_3D('',#4332,#3474,#3475);
#3109=AXIS2_PLACEMENT_3D('',#4335,#3478,#3479);
#3110=AXIS2_PLACEMENT_3D('',#4344,#3484,#3485);
#3111=AXIS2_PLACEMENT_3D('',#4353,#3490,#3491);
#3112=AXIS2_PLACEMENT_3D('',#4356,#3494,#3495);
#3113=AXIS2_PLACEMENT_3D('',#4365,#3500,#3501);
#3114=AXIS2_PLACEMENT_3D('',#4374,#3506,#3507);
#3115=AXIS2_PLACEMENT_3D('',#4377,#3510,#3511);
#3116=AXIS2_PLACEMENT_3D('',#4386,#3516,#3517);
#3117=AXIS2_PLACEMENT_3D('',#4395,#3522,#3523);
#3118=AXIS2_PLACEMENT_3D('',#4398,#3526,#3527);
#3119=AXIS2_PLACEMENT_3D('',#4407,#3532,#3533);
#3120=AXIS2_PLACEMENT_3D('',#4416,#3538,#3539);
#3121=AXIS2_PLACEMENT_3D('',#4419,#3542,#3543);
#3122=AXIS2_PLACEMENT_3D('',#4428,#3548,#3549);
#3123=AXIS2_PLACEMENT_3D('',#4437,#3554,#3555);
#3124=AXIS2_PLACEMENT_3D('',#4440,#3558,#3559);
#3125=AXIS2_PLACEMENT_3D('',#4449,#3564,#3565);
#3126=AXIS2_PLACEMENT_3D('',#4458,#3570,#3571);
#3127=AXIS2_PLACEMENT_3D('',#4461,#3574,#3575);
#3128=AXIS2_PLACEMENT_3D('',#4470,#3580,#3581);
#3129=AXIS2_PLACEMENT_3D('',#4479,#3586,#3587);
#3130=AXIS2_PLACEMENT_3D('',#4482,#3590,#3591);
#3131=AXIS2_PLACEMENT_3D('',#4483,#3592,#3593);
#3132=AXIS2_PLACEMENT_3D('',#4517,#3610,#3611);
#3133=AXIS2_PLACEMENT_3D('',#4518,#3612,#3613);
#3134=AXIS2_PLACEMENT_3D('',#4520,#3614,#3615);
#3135=AXIS2_PLACEMENT_3D('',#4521,#3616,#3617);
#3136=AXIS2_PLACEMENT_3D('',#4522,#3618,#3619);
#3137=AXIS2_PLACEMENT_3D('',#4523,#3620,#3621);
#3138=AXIS2_PLACEMENT_3D('',#4524,#3622,#3623);
#3139=AXIS2_PLACEMENT_3D('',#4525,#3624,#3625);
#3140=AXIS2_PLACEMENT_3D('',#4526,#3626,#3627);
#3141=AXIS2_PLACEMENT_3D('',#4527,#3628,#3629);
#3142=AXIS2_PLACEMENT_3D('',#4528,#3630,#3631);
#3143=AXIS2_PLACEMENT_3D('',#4529,#3632,#3633);
#3144=AXIS2_PLACEMENT_3D('',#4530,#3634,#3635);
#3145=AXIS2_PLACEMENT_3D('',#4531,#3636,#3637);
#3146=AXIS2_PLACEMENT_3D('',#4532,#3638,#3639);
#3147=AXIS2_PLACEMENT_3D('',#4533,#3640,#3641);
#3148=AXIS2_PLACEMENT_3D('',#4534,#3642,#3643);
#3149=AXIS2_PLACEMENT_3D('',#4535,#3644,#3645);
#3150=AXIS2_PLACEMENT_3D('',#4536,#3646,#3647);
#3151=AXIS2_PLACEMENT_3D('',#4537,#3648,#3649);
#3152=AXIS2_PLACEMENT_3D('',#4538,#3650,#3651);
#3153=AXIS2_PLACEMENT_3D('',#4539,#3652,#3653);
#3154=AXIS2_PLACEMENT_3D('',#4540,#3654,#3655);
#3155=AXIS2_PLACEMENT_3D('',#4541,#3656,#3657);
#3156=AXIS2_PLACEMENT_3D('',#4542,#3658,#3659);
#3157=AXIS2_PLACEMENT_3D('',#4543,#3660,#3661);
#3158=AXIS2_PLACEMENT_3D('',#4544,#3662,#3663);
#3159=AXIS2_PLACEMENT_3D('',#4545,#3664,#3665);
#3160=AXIS2_PLACEMENT_3D('',#4546,#3666,#3667);
#3161=AXIS2_PLACEMENT_3D('',#4547,#3668,#3669);
#3162=AXIS2_PLACEMENT_3D('',#4548,#3670,#3671);
#3163=AXIS2_PLACEMENT_3D('',#4549,#3672,#3673);
#3164=AXIS2_PLACEMENT_3D('',#4550,#3674,#3675);
#3165=AXIS2_PLACEMENT_3D('',#4551,#3676,#3677);
#3166=AXIS2_PLACEMENT_3D('',#4552,#3678,#3679);
#3167=AXIS2_PLACEMENT_3D('',#4553,#3680,#3681);
#3168=AXIS2_PLACEMENT_3D('',#4554,#3682,#3683);
#3169=AXIS2_PLACEMENT_3D('',#4555,#3684,#3685);
#3170=AXIS2_PLACEMENT_3D('',#4556,#3686,#3687);
#3171=AXIS2_PLACEMENT_3D('',#4557,#3688,#3689);
#3172=AXIS2_PLACEMENT_3D('',#4558,#3690,#3691);
#3173=AXIS2_PLACEMENT_3D('',#4559,#3692,#3693);
#3174=AXIS2_PLACEMENT_3D('',#4560,#3694,#3695);
#3175=AXIS2_PLACEMENT_3D('',#4561,#3696,#3697);
#3176=AXIS2_PLACEMENT_3D('',#4562,#3698,#3699);
#3177=AXIS2_PLACEMENT_3D('',#4563,#3700,#3701);
#3178=AXIS2_PLACEMENT_3D('',#4564,#3702,#3703);
#3179=AXIS2_PLACEMENT_3D('',#4565,#3704,#3705);
#3180=AXIS2_PLACEMENT_3D('',#4566,#3706,#3707);
#3181=AXIS2_PLACEMENT_3D('',#4567,#3708,#3709);
#3182=AXIS2_PLACEMENT_3D('',#4568,#3710,#3711);
#3183=AXIS2_PLACEMENT_3D('',#4569,#3712,#3713);
#3184=AXIS2_PLACEMENT_3D('',#4570,#3714,#3715);
#3185=AXIS2_PLACEMENT_3D('',#4571,#3716,#3717);
#3186=AXIS2_PLACEMENT_3D('',#4572,#3718,#3719);
#3187=AXIS2_PLACEMENT_3D('',#4573,#3720,#3721);
#3188=AXIS2_PLACEMENT_3D('',#4574,#3722,#3723);
#3189=AXIS2_PLACEMENT_3D('',#4575,#3724,#3725);
#3190=AXIS2_PLACEMENT_3D('',#4576,#3726,#3727);
#3191=AXIS2_PLACEMENT_3D('',#4577,#3728,#3729);
#3192=AXIS2_PLACEMENT_3D('',#4586,#3734,#3735);
#3193=AXIS2_PLACEMENT_3D('',#4592,#3739,#3740);
#3194=AXIS2_PLACEMENT_3D('',#4598,#3744,#3745);
#3195=AXIS2_PLACEMENT_3D('',#4604,#3749,#3750);
#3196=AXIS2_PLACEMENT_3D('',#4610,#3754,#3755);
#3197=AXIS2_PLACEMENT_3D('',#4616,#3759,#3760);
#3198=AXIS2_PLACEMENT_3D('',#4622,#3764,#3765);
#3199=AXIS2_PLACEMENT_3D('',#4628,#3769,#3770);
#3200=AXIS2_PLACEMENT_3D('',#4634,#3774,#3775);
#3201=AXIS2_PLACEMENT_3D('',#4640,#3779,#3780);
#3202=AXIS2_PLACEMENT_3D('',#4646,#3784,#3785);
#3203=AXIS2_PLACEMENT_3D('',#4652,#3789,#3790);
#3204=AXIS2_PLACEMENT_3D('',#4658,#3794,#3795);
#3205=AXIS2_PLACEMENT_3D('',#4664,#3799,#3800);
#3206=AXIS2_PLACEMENT_3D('',#4670,#3804,#3805);
#3207=AXIS2_PLACEMENT_3D('',#4676,#3809,#3810);
#3208=AXIS2_PLACEMENT_3D('',#4680,#3813,#3814);
#3209=AXIS2_PLACEMENT_3D('',#4684,#3817,#3818);
#3210=AXIS2_PLACEMENT_3D('',#4688,#3821,#3822);
#3211=AXIS2_PLACEMENT_3D('',#4692,#3825,#3826);
#3212=AXIS2_PLACEMENT_3D('',#4696,#3829,#3830);
#3213=AXIS2_PLACEMENT_3D('',#4700,#3833,#3834);
#3214=AXIS2_PLACEMENT_3D('',#4704,#3837,#3838);
#3215=AXIS2_PLACEMENT_3D('',#4708,#3841,#3842);
#3216=AXIS2_PLACEMENT_3D('',#4712,#3845,#3846);
#3217=AXIS2_PLACEMENT_3D('',#4716,#3849,#3850);
#3218=AXIS2_PLACEMENT_3D('',#4720,#3853,#3854);
#3219=AXIS2_PLACEMENT_3D('',#4724,#3857,#3858);
#3220=AXIS2_PLACEMENT_3D('',#4728,#3861,#3862);
#3221=AXIS2_PLACEMENT_3D('',#4732,#3865,#3866);
#3222=AXIS2_PLACEMENT_3D('',#4734,#3868,#3869);
#3223=AXIS2_PLACEMENT_3D('',#4737,#3872,#3873);
#3224=AXIS2_PLACEMENT_3D('',#4738,#3874,#3875);
#3225=AXIS2_PLACEMENT_3D('',#4771,#3892,#3893);
#3226=AXIS2_PLACEMENT_3D('',#4777,#3897,#3898);
#3227=AXIS2_PLACEMENT_3D('',#4781,#3901,#3902);
#3228=AXIS2_PLACEMENT_3D('',#4785,#3905,#3906);
#3229=AXIS2_PLACEMENT_3D('',#4789,#3909,#3910);
#3230=AXIS2_PLACEMENT_3D('',#4793,#3913,#3914);
#3231=AXIS2_PLACEMENT_3D('',#4797,#3917,#3918);
#3232=AXIS2_PLACEMENT_3D('',#4801,#3921,#3922);
#3233=AXIS2_PLACEMENT_3D('',#4805,#3925,#3926);
#3234=AXIS2_PLACEMENT_3D('',#4809,#3929,#3930);
#3235=AXIS2_PLACEMENT_3D('',#4813,#3933,#3934);
#3236=AXIS2_PLACEMENT_3D('',#4817,#3937,#3938);
#3237=AXIS2_PLACEMENT_3D('',#4821,#3941,#3942);
#3238=AXIS2_PLACEMENT_3D('',#4825,#3945,#3946);
#3239=AXIS2_PLACEMENT_3D('',#4829,#3949,#3950);
#3240=AXIS2_PLACEMENT_3D('',#4833,#3953,#3954);
#3241=AXIS2_PLACEMENT_3D('',#4842,#3959,#3960);
#3242=AXIS2_PLACEMENT_3D('',#4848,#3964,#3965);
#3243=AXIS2_PLACEMENT_3D('',#4854,#3969,#3970);
#3244=AXIS2_PLACEMENT_3D('',#4860,#3974,#3975);
#3245=AXIS2_PLACEMENT_3D('',#4866,#3979,#3980);
#3246=AXIS2_PLACEMENT_3D('',#4872,#3984,#3985);
#3247=AXIS2_PLACEMENT_3D('',#4878,#3989,#3990);
#3248=AXIS2_PLACEMENT_3D('',#4884,#3994,#3995);
#3249=AXIS2_PLACEMENT_3D('',#4890,#3999,#4000);
#3250=AXIS2_PLACEMENT_3D('',#4896,#4004,#4005);
#3251=AXIS2_PLACEMENT_3D('',#4902,#4009,#4010);
#3252=AXIS2_PLACEMENT_3D('',#4905,#4013,#4014);
#3253=AXIS2_PLACEMENT_3D('',#4907,#4016,#4017);
#3254=AXIS2_PLACEMENT_3D('',#4908,#4018,#4019);
#3255=AXIS2_PLACEMENT_3D('',#4909,#4020,#4021);
#3256=AXIS2_PLACEMENT_3D('',#4910,#4022,#4023);
#3257=AXIS2_PLACEMENT_3D('',#4912,#4024,#4025);
#3258=AXIS2_PLACEMENT_3D('',#4913,#4026,#4027);
#3259=AXIS2_PLACEMENT_3D('',#4917,#4029,#4030);
#3260=AXIS2_PLACEMENT_3D('',#4923,#4034,#4035);
#3261=AXIS2_PLACEMENT_3D('',#4924,#4036,#4037);
#3262=AXIS2_PLACEMENT_3D('',#4925,#4038,#4039);
#3263=AXIS2_PLACEMENT_3D('',#4926,#4040,#4041);
#3264=AXIS2_PLACEMENT_3D('',#4928,#4042,#4043);
#3265=AXIS2_PLACEMENT_3D('',#4929,#4044,#4045);
#3266=AXIS2_PLACEMENT_3D('',#4930,#4046,#4047);
#3267=AXIS2_PLACEMENT_3D('',#4931,#4048,#4049);
#3268=AXIS2_PLACEMENT_3D('',#4932,#4050,#4051);
#3269=AXIS2_PLACEMENT_3D('',#4933,#4052,#4053);
#3270=AXIS2_PLACEMENT_3D('',#4934,#4054,#4055);
#3271=AXIS2_PLACEMENT_3D('',#4935,#4056,#4057);
#3272=AXIS2_PLACEMENT_3D('',#4936,#4058,#4059);
#3273=AXIS2_PLACEMENT_3D('',#4937,#4060,#4061);
#3274=AXIS2_PLACEMENT_3D('',#4938,#4062,#4063);
#3275=AXIS2_PLACEMENT_3D('',#4939,#4064,#4065);
#3276=AXIS2_PLACEMENT_3D('',#4940,#4066,#4067);
#3277=AXIS2_PLACEMENT_3D('',#4941,#4068,#4069);
#3278=AXIS2_PLACEMENT_3D('',#4942,#4070,#4071);
#3279=AXIS2_PLACEMENT_3D('',#4943,#4072,#4073);
#3280=AXIS2_PLACEMENT_3D('',#4944,#4074,#4075);
#3281=AXIS2_PLACEMENT_3D('',#4945,#4076,#4077);
#3282=AXIS2_PLACEMENT_3D('',#4946,#4078,#4079);
#3283=AXIS2_PLACEMENT_3D('',#4947,#4080,#4081);
#3284=DIRECTION('',(0.,0.,1.));
#3285=DIRECTION('',(1.,0.,0.));
#3286=DIRECTION('',(0.677281571625742,-0.735723910673131,0.));
#3287=DIRECTION('',(0.735723910673131,0.677281571625742,0.));
#3288=DIRECTION('',(0.,0.,-1.));
#3289=DIRECTION('',(0.735723910673131,0.677281571625742,0.));
#3290=DIRECTION('',(0.,0.,1.));
#3291=DIRECTION('',(-0.735723910673131,-0.677281571625742,0.));
#3292=DIRECTION('',(0.677281571625742,-0.735723910673131,0.));
#3293=DIRECTION('',(0.735723910673131,0.677281571625742,0.));
#3294=DIRECTION('',(0.735723910673131,0.677281571625742,0.));
#3295=DIRECTION('',(0.,0.,-1.));
#3296=DIRECTION('',(-0.735723910673131,-0.677281571625742,0.));
#3297=DIRECTION('',(0.,0.,1.));
#3298=DIRECTION('',(-0.735723910673131,-0.677281571625742,0.));
#3299=DIRECTION('',(0.677281571625742,-0.735723910673131,0.));
#3300=DIRECTION('',(0.677281571625742,-0.735723910673131,0.));
#3301=DIRECTION('',(-0.677281571625742,0.735723910673131,0.));
#3302=DIRECTION('',(-1.,0.,0.));
#3303=DIRECTION('',(0.,0.,1.));
#3304=DIRECTION('',(0.,0.,-1.));
#3305=DIRECTION('',(0.,-1.,0.));
#3306=DIRECTION('',(0.,0.,1.));
#3307=DIRECTION('',(0.,1.,0.));
#3308=DIRECTION('',(-1.,0.,0.));
#3309=DIRECTION('',(0.,0.,1.));
#3310=DIRECTION('',(0.,-1.,0.));
#3311=DIRECTION('',(0.,0.,-1.));
#3312=DIRECTION('',(0.,1.,0.));
#3313=DIRECTION('',(0.,0.,1.));
#3314=DIRECTION('',(0.,1.,0.));
#3315=DIRECTION('',(0.,0.,1.));
#3316=DIRECTION('',(-1.,0.,0.));
#3317=DIRECTION('',(1.,0.,0.));
#3318=DIRECTION('',(0.0825793454723328,-0.99658449300667,0.));
#3319=DIRECTION('',(0.99658449300667,0.0825793454723328,0.));
#3320=DIRECTION('',(0.,0.,-1.));
#3321=DIRECTION('',(0.99658449300667,0.0825793454723328,0.));
#3322=DIRECTION('',(0.,0.,1.));
#3323=DIRECTION('',(-0.99658449300667,-0.0825793454723328,0.));
#3324=DIRECTION('',(0.0825793454723327,-0.99658449300667,0.));
#3325=DIRECTION('',(0.99658449300667,0.0825793454723327,0.));
#3326=DIRECTION('',(0.99658449300667,0.0825793454723327,0.));
#3327=DIRECTION('',(0.,0.,-1.));
#3328=DIRECTION('',(-0.99658449300667,-0.0825793454723327,0.));
#3329=DIRECTION('',(0.,0.,1.));
#3330=DIRECTION('',(-0.99658449300667,-0.0825793454723324,0.));
#3331=DIRECTION('',(0.0825793454723324,-0.99658449300667,0.));
#3332=DIRECTION('',(0.0825793454723324,-0.99658449300667,0.));
#3333=DIRECTION('',(-0.0825793454723324,0.99658449300667,0.));
#3334=DIRECTION('',(0.401695424652969,0.915773326655058,0.));
#3335=DIRECTION('',(-0.915773326655058,0.401695424652969,0.));
#3336=DIRECTION('',(0.,0.,-1.));
#3337=DIRECTION('',(-0.915773326655058,0.401695424652969,0.));
#3338=DIRECTION('',(0.,0.,1.));
#3339=DIRECTION('',(0.915773326655058,-0.401695424652969,0.));
#3340=DIRECTION('',(0.401695424652969,0.915773326655058,0.));
#3341=DIRECTION('',(-0.915773326655058,0.401695424652969,0.));
#3342=DIRECTION('',(-0.915773326655058,0.401695424652969,0.));
#3343=DIRECTION('',(0.,0.,-1.));
#3344=DIRECTION('',(0.915773326655058,-0.401695424652969,0.));
#3345=DIRECTION('',(0.,0.,1.));
#3346=DIRECTION('',(0.915773326655057,-0.40169542465297,0.));
#3347=DIRECTION('',(0.40169542465297,0.915773326655057,0.));
#3348=DIRECTION('',(0.40169542465297,0.915773326655057,0.));
#3349=DIRECTION('',(-0.40169542465297,-0.915773326655057,0.));
#3350=DIRECTION('',(-0.945817241700635,0.324699469204684,0.));
#3351=DIRECTION('',(-0.324699469204684,-0.945817241700635,0.));
#3352=DIRECTION('',(0.,0.,-1.));
#3353=DIRECTION('',(-0.324699469204684,-0.945817241700635,0.));
#3354=DIRECTION('',(0.,0.,1.));
#3355=DIRECTION('',(0.324699469204684,0.945817241700635,0.));
#3356=DIRECTION('',(-0.945817241700635,0.324699469204684,0.));
#3357=DIRECTION('',(-0.324699469204684,-0.945817241700635,0.));
#3358=DIRECTION('',(-0.324699469204684,-0.945817241700635,0.));
#3359=DIRECTION('',(0.,0.,-1.));
#3360=DIRECTION('',(0.324699469204684,0.945817241700635,0.));
#3361=DIRECTION('',(0.,0.,1.));
#3362=DIRECTION('',(0.324699469204684,0.945817241700635,0.));
#3363=DIRECTION('',(-0.945817241700635,0.324699469204684,0.));
#3364=DIRECTION('',(-0.945817241700635,0.324699469204684,0.));
#3365=DIRECTION('',(0.945817241700635,-0.324699469204684,0.));
#3366=DIRECTION('',(0.879473751206489,-0.475947393037073,0.));
#3367=DIRECTION('',(0.475947393037073,0.879473751206489,0.));
#3368=DIRECTION('',(0.,0.,-1.));
#3369=DIRECTION('',(0.475947393037073,0.879473751206489,0.));
#3370=DIRECTION('',(0.,0.,1.));
#3371=DIRECTION('',(-0.475947393037073,-0.879473751206489,0.));
#3372=DIRECTION('',(0.879473751206489,-0.475947393037073,0.));
#3373=DIRECTION('',(0.475947393037073,0.879473751206489,0.));
#3374=DIRECTION('',(0.475947393037073,0.879473751206489,0.));
#3375=DIRECTION('',(0.,0.,-1.));
#3376=DIRECTION('',(-0.475947393037073,-0.879473751206489,0.));
#3377=DIRECTION('',(0.,0.,1.));
#3378=DIRECTION('',(-0.475947393037072,-0.87947375120649,0.));
#3379=DIRECTION('',(0.87947375120649,-0.475947393037072,0.));
#3380=DIRECTION('',(0.87947375120649,-0.475947393037072,0.));
#3381=DIRECTION('',(-0.87947375120649,0.475947393037072,0.));
#3382=DIRECTION('',(-0.789140509396394,-0.614212712689667,0.));
#3383=DIRECTION('',(0.614212712689667,-0.789140509396394,0.));
#3384=DIRECTION('',(0.,0.,-1.));
#3385=DIRECTION('',(0.614212712689667,-0.789140509396394,0.));
#3386=DIRECTION('',(0.,0.,1.));
#3387=DIRECTION('',(-0.614212712689667,0.789140509396394,0.));
#3388=DIRECTION('',(-0.789140509396394,-0.614212712689667,0.));
#3389=DIRECTION('',(0.614212712689667,-0.789140509396394,0.));
#3390=DIRECTION('',(0.614212712689667,-0.789140509396394,0.));
#3391=DIRECTION('',(0.,0.,-1.));
#3392=DIRECTION('',(-0.614212712689667,0.789140509396394,0.));
#3393=DIRECTION('',(0.,0.,1.));
#3394=DIRECTION('',(-0.614212712689667,0.789140509396394,0.));
#3395=DIRECTION('',(-0.789140509396394,-0.614212712689667,0.));
#3396=DIRECTION('',(-0.789140509396394,-0.614212712689667,0.));
#3397=DIRECTION('',(0.789140509396394,0.614212712689667,0.));
#3398=DIRECTION('',(-0.245485487140799,0.969400265939331,0.));
#3399=DIRECTION('',(-0.969400265939331,-0.245485487140799,0.));
#3400=DIRECTION('',(0.,0.,-1.));
#3401=DIRECTION('',(-0.969400265939331,-0.245485487140799,0.));
#3402=DIRECTION('',(0.,0.,1.));
#3403=DIRECTION('',(0.969400265939331,0.245485487140799,0.));
#3404=DIRECTION('',(-0.245485487140799,0.969400265939331,0.));
#3405=DIRECTION('',(-0.969400265939331,-0.245485487140799,0.));
#3406=DIRECTION('',(-0.969400265939331,-0.245485487140799,0.));
#3407=DIRECTION('',(0.,0.,-1.));
#3408=DIRECTION('',(0.969400265939331,0.245485487140799,0.));
#3409=DIRECTION('',(0.,0.,1.));
#3410=DIRECTION('',(0.96940026593933,0.2454854871408,0.));
#3411=DIRECTION('',(-0.2454854871408,0.96940026593933,0.));
#3412=DIRECTION('',(-0.2454854871408,0.96940026593933,0.));
#3413=DIRECTION('',(0.2454854871408,-0.96940026593933,0.));
#3414=DIRECTION('',(0.677281571625741,0.735723910673132,0.));
#3415=DIRECTION('',(-0.735723910673132,0.677281571625741,0.));
#3416=DIRECTION('',(0.,0.,-1.));
#3417=DIRECTION('',(-0.735723910673132,0.677281571625741,0.));
#3418=DIRECTION('',(0.,0.,1.));
#3419=DIRECTION('',(0.735723910673132,-0.677281571625741,0.));
#3420=DIRECTION('',(0.677281571625741,0.735723910673132,0.));
#3421=DIRECTION('',(-0.735723910673132,0.677281571625741,0.));
#3422=DIRECTION('',(-0.735723910673132,0.677281571625741,0.));
#3423=DIRECTION('',(0.,0.,-1.));
#3424=DIRECTION('',(0.735723910673132,-0.677281571625741,0.));
#3425=DIRECTION('',(0.,0.,1.));
#3426=DIRECTION('',(0.735723910673131,-0.677281571625742,0.));
#3427=DIRECTION('',(0.677281571625742,0.735723910673131,0.));
#3428=DIRECTION('',(0.677281571625742,0.735723910673131,0.));
#3429=DIRECTION('',(-0.677281571625742,-0.735723910673131,0.));
#3430=DIRECTION('',(-0.546948158122427,0.837166478262529,0.));
#3431=DIRECTION('',(-0.837166478262529,-0.546948158122427,0.));
#3432=DIRECTION('',(0.,0.,-1.));
#3433=DIRECTION('',(-0.837166478262529,-0.546948158122427,0.));
#3434=DIRECTION('',(0.,0.,1.));
#3435=DIRECTION('',(0.837166478262529,0.546948158122427,0.));
#3436=DIRECTION('',(-0.546948158122428,0.837166478262528,0.));
#3437=DIRECTION('',(-0.837166478262528,-0.546948158122428,0.));
#3438=DIRECTION('',(-0.837166478262528,-0.546948158122428,0.));
#3439=DIRECTION('',(0.,0.,-1.));
#3440=DIRECTION('',(0.837166478262528,0.546948158122428,0.));
#3441=DIRECTION('',(0.,0.,1.));
#3442=DIRECTION('',(0.837166478262529,0.546948158122427,0.));
#3443=DIRECTION('',(-0.546948158122427,0.837166478262529,0.));
#3444=DIRECTION('',(-0.546948158122427,0.837166478262529,0.));
#3445=DIRECTION('',(0.546948158122427,-0.837166478262529,0.));
#3446=DIRECTION('',(-0.789140509396393,0.614212712689668,0.));
#3447=DIRECTION('',(-0.614212712689668,-0.789140509396393,0.));
#3448=DIRECTION('',(0.,0.,-1.));
#3449=DIRECTION('',(-0.614212712689668,-0.789140509396393,0.));
#3450=DIRECTION('',(0.,0.,1.));
#3451=DIRECTION('',(0.614212712689668,0.789140509396393,0.));
#3452=DIRECTION('',(-0.789140509396393,0.614212712689668,0.));
#3453=DIRECTION('',(-0.614212712689668,-0.789140509396393,0.));
#3454=DIRECTION('',(-0.614212712689668,-0.789140509396393,0.));
#3455=DIRECTION('',(0.,0.,-1.));
#3456=DIRECTION('',(0.614212712689668,0.789140509396393,0.));
#3457=DIRECTION('',(0.,0.,1.));
#3458=DIRECTION('',(0.614212712689667,0.789140509396394,0.));
#3459=DIRECTION('',(-0.789140509396394,0.614212712689667,0.));
#3460=DIRECTION('',(-0.789140509396394,0.614212712689667,0.));
#3461=DIRECTION('',(0.789140509396394,-0.614212712689667,0.));
#3462=DIRECTION('',(0.401695424652969,-0.915773326655058,0.));
#3463=DIRECTION('',(0.915773326655058,0.401695424652969,0.));
#3464=DIRECTION('',(0.,0.,-1.));
#3465=DIRECTION('',(0.915773326655058,0.401695424652969,0.));
#3466=DIRECTION('',(0.,0.,1.));
#3467=DIRECTION('',(-0.915773326655058,-0.401695424652969,0.));
#3468=DIRECTION('',(0.401695424652969,-0.915773326655058,0.));
#3469=DIRECTION('',(0.915773326655058,0.401695424652969,0.));
#3470=DIRECTION('',(0.915773326655058,0.401695424652969,0.));
#3471=DIRECTION('',(0.,0.,-1.));
#3472=DIRECTION('',(-0.915773326655058,-0.401695424652969,0.));
#3473=DIRECTION('',(0.,0.,1.));
#3474=DIRECTION('',(-0.915773326655057,-0.40169542465297,0.));
#3475=DIRECTION('',(0.40169542465297,-0.915773326655058,0.));
#3476=DIRECTION('',(0.40169542465297,-0.915773326655058,0.));
#3477=DIRECTION('',(-0.40169542465297,0.915773326655058,0.));
#3478=DIRECTION('',(-0.945817241700635,-0.324699469204684,0.));
#3479=DIRECTION('',(0.324699469204684,-0.945817241700635,0.));
#3480=DIRECTION('',(0.,0.,-1.));
#3481=DIRECTION('',(0.324699469204684,-0.945817241700635,0.));
#3482=DIRECTION('',(0.,0.,1.));
#3483=DIRECTION('',(-0.324699469204684,0.945817241700635,0.));
#3484=DIRECTION('',(-0.945817241700635,-0.324699469204684,0.));
#3485=DIRECTION('',(0.324699469204684,-0.945817241700635,0.));
#3486=DIRECTION('',(0.324699469204684,-0.945817241700635,0.));
#3487=DIRECTION('',(0.,0.,-1.));
#3488=DIRECTION('',(-0.324699469204684,0.945817241700635,0.));
#3489=DIRECTION('',(0.,0.,1.));
#3490=DIRECTION('',(-0.324699469204684,0.945817241700635,0.));
#3491=DIRECTION('',(-0.945817241700635,-0.324699469204684,0.));
#3492=DIRECTION('',(-0.945817241700635,-0.324699469204684,0.));
#3493=DIRECTION('',(0.945817241700635,0.324699469204684,0.));
#3494=DIRECTION('',(0.879473751206489,0.475947393037074,0.));
#3495=DIRECTION('',(-0.475947393037074,0.879473751206489,0.));
#3496=DIRECTION('',(0.,0.,-1.));
#3497=DIRECTION('',(-0.475947393037074,0.879473751206489,0.));
#3498=DIRECTION('',(0.,0.,1.));
#3499=DIRECTION('',(0.475947393037074,-0.879473751206489,0.));
#3500=DIRECTION('',(0.879473751206489,0.475947393037074,0.));
#3501=DIRECTION('',(-0.475947393037074,0.879473751206489,0.));
#3502=DIRECTION('',(-0.475947393037074,0.879473751206489,0.));
#3503=DIRECTION('',(0.,0.,-1.));
#3504=DIRECTION('',(0.475947393037074,-0.879473751206489,0.));
#3505=DIRECTION('',(0.,0.,1.));
#3506=DIRECTION('',(0.475947393037074,-0.879473751206489,0.));
#3507=DIRECTION('',(0.879473751206489,0.475947393037074,0.));
#3508=DIRECTION('',(0.879473751206489,0.475947393037074,0.));
#3509=DIRECTION('',(-0.879473751206489,-0.475947393037074,0.));
#3510=DIRECTION('',(0.986361303402722,-0.164594590280734,0.));
#3511=DIRECTION('',(0.164594590280734,0.986361303402722,0.));
#3512=DIRECTION('',(0.,0.,-1.));
#3513=DIRECTION('',(0.164594590280734,0.986361303402722,0.));
#3514=DIRECTION('',(0.,0.,1.));
#3515=DIRECTION('',(-0.164594590280734,-0.986361303402722,0.));
#3516=DIRECTION('',(0.986361303402722,-0.164594590280734,0.));
#3517=DIRECTION('',(0.164594590280734,0.986361303402722,0.));
#3518=DIRECTION('',(0.164594590280734,0.986361303402722,0.));
#3519=DIRECTION('',(0.,0.,-1.));
#3520=DIRECTION('',(-0.164594590280734,-0.986361303402722,0.));
#3521=DIRECTION('',(0.,0.,1.));
#3522=DIRECTION('',(-0.164594590280733,-0.986361303402723,0.));
#3523=DIRECTION('',(0.986361303402723,-0.164594590280733,0.));
#3524=DIRECTION('',(0.986361303402723,-0.164594590280733,0.));
#3525=DIRECTION('',(-0.986361303402723,0.164594590280733,0.));
#3526=DIRECTION('',(-0.546948158122427,-0.837166478262529,0.));
#3527=DIRECTION('',(0.837166478262529,-0.546948158122427,0.));
#3528=DIRECTION('',(0.,0.,-1.));
#3529=DIRECTION('',(0.837166478262529,-0.546948158122427,0.));
#3530=DIRECTION('',(0.,0.,1.));
#3531=DIRECTION('',(-0.837166478262529,0.546948158122427,0.));
#3532=DIRECTION('',(-0.546948158122427,-0.837166478262529,0.));
#3533=DIRECTION('',(0.837166478262529,-0.546948158122427,0.));
#3534=DIRECTION('',(0.837166478262529,-0.546948158122427,0.));
#3535=DIRECTION('',(0.,0.,-1.));
#3536=DIRECTION('',(-0.837166478262529,0.546948158122427,0.));
#3537=DIRECTION('',(0.,0.,1.));
#3538=DIRECTION('',(-0.837166478262529,0.546948158122427,0.));
#3539=DIRECTION('',(-0.546948158122427,-0.837166478262529,0.));
#3540=DIRECTION('',(-0.546948158122427,-0.837166478262529,0.));
#3541=DIRECTION('',(0.546948158122427,0.837166478262529,0.));
#3542=DIRECTION('',(0.986361303402722,0.164594590280734,0.));
#3543=DIRECTION('',(-0.164594590280734,0.986361303402722,0.));
#3544=DIRECTION('',(0.,0.,-1.));
#3545=DIRECTION('',(-0.164594590280734,0.986361303402722,0.));
#3546=DIRECTION('',(0.,0.,1.));
#3547=DIRECTION('',(0.164594590280734,-0.986361303402722,0.));
#3548=DIRECTION('',(0.986361303402722,0.164594590280734,0.));
#3549=DIRECTION('',(-0.164594590280734,0.986361303402722,0.));
#3550=DIRECTION('',(-0.164594590280734,0.986361303402722,0.));
#3551=DIRECTION('',(0.,0.,-1.));
#3552=DIRECTION('',(0.164594590280734,-0.986361303402722,0.));
#3553=DIRECTION('',(0.,0.,1.));
#3554=DIRECTION('',(0.164594590280735,-0.986361303402722,0.));
#3555=DIRECTION('',(0.986361303402722,0.164594590280735,0.));
#3556=DIRECTION('',(0.986361303402722,0.164594590280735,0.));
#3557=DIRECTION('',(-0.986361303402722,-0.164594590280735,0.));
#3558=DIRECTION('',(0.0825793454723323,0.99658449300667,0.));
#3559=DIRECTION('',(-0.99658449300667,0.0825793454723323,0.));
#3560=DIRECTION('',(0.,0.,-1.));
#3561=DIRECTION('',(-0.99658449300667,0.0825793454723323,0.));
#3562=DIRECTION('',(0.,0.,1.));
#3563=DIRECTION('',(0.99658449300667,-0.0825793454723323,0.));
#3564=DIRECTION('',(0.0825793454723322,0.99658449300667,0.));
#3565=DIRECTION('',(-0.99658449300667,0.0825793454723322,0.));
#3566=DIRECTION('',(-0.99658449300667,0.0825793454723322,0.));
#3567=DIRECTION('',(0.,0.,-1.));
#3568=DIRECTION('',(0.99658449300667,-0.0825793454723322,0.));
#3569=DIRECTION('',(0.,0.,1.));
#3570=DIRECTION('',(0.99658449300667,-0.0825793454723324,0.));
#3571=DIRECTION('',(0.0825793454723324,0.99658449300667,0.));
#3572=DIRECTION('',(0.0825793454723324,0.99658449300667,0.));
#3573=DIRECTION('',(-0.0825793454723324,-0.99658449300667,0.));
#3574=DIRECTION('',(-0.245485487140798,-0.969400265939331,0.));
#3575=DIRECTION('',(0.969400265939331,-0.245485487140798,0.));
#3576=DIRECTION('',(0.,0.,-1.));
#3577=DIRECTION('',(0.969400265939331,-0.245485487140798,0.));
#3578=DIRECTION('',(0.,0.,1.));
#3579=DIRECTION('',(-0.969400265939331,0.245485487140798,0.));
#3580=DIRECTION('',(-0.245485487140799,-0.969400265939331,0.));
#3581=DIRECTION('',(0.969400265939331,-0.245485487140799,0.));
#3582=DIRECTION('',(0.969400265939331,-0.245485487140799,0.));
#3583=DIRECTION('',(0.,0.,-1.));
#3584=DIRECTION('',(-0.969400265939331,0.245485487140799,0.));
#3585=DIRECTION('',(0.,0.,1.));
#3586=DIRECTION('',(-0.969400265939331,0.245485487140799,0.));
#3587=DIRECTION('',(-0.245485487140799,-0.969400265939331,0.));
#3588=DIRECTION('',(-0.245485487140799,-0.969400265939331,0.));
#3589=DIRECTION('',(0.245485487140799,0.969400265939331,0.));
#3590=DIRECTION('',(0.,0.,1.));
#3591=DIRECTION('',(1.,0.,0.));
#3592=DIRECTION('',(0.,0.,1.));
#3593=DIRECTION('',(1.,0.,0.));
#3594=DIRECTION('',(-0.896917910114193,0.442197085603681,0.));
#3595=DIRECTION('',(-0.73339180959695,0.679806188274358,0.));
#3596=DIRECTION('',(-0.509516220791799,0.860461051268472,0.));
#3597=DIRECTION('',(0.509516220791799,0.860461051268472,0.));
#3598=DIRECTION('',(0.73339180959695,0.679806188274357,0.));
#3599=DIRECTION('',(0.896917910114193,0.442197085603681,0.));
#3600=DIRECTION('',(0.989195651215267,0.146601376585639,0.));
#3601=DIRECTION('',(0.989195651215267,-0.146601376585639,0.));
#3602=DIRECTION('',(0.896917910114193,-0.442197085603681,0.));
#3603=DIRECTION('',(0.73339180959695,-0.679806188274358,0.));
#3604=DIRECTION('',(0.509516220791799,-0.860461051268472,0.));
#3605=DIRECTION('',(-0.509516220791799,-0.860461051268472,0.));
#3606=DIRECTION('',(-0.73339180959695,-0.679806188274357,0.));
#3607=DIRECTION('',(-0.896917910114193,-0.442197085603681,0.));
#3608=DIRECTION('',(-0.989195651215267,-0.146601376585638,0.));
#3609=DIRECTION('',(-0.989195651215267,0.146601376585638,0.));
#3610=DIRECTION('',(0.,0.,-1.));
#3611=DIRECTION('',(-1.,0.,0.));
#3612=DIRECTION('',(0.,0.,1.));
#3613=DIRECTION('',(1.,0.,0.));
#3614=DIRECTION('',(0.,0.,-1.));
#3615=DIRECTION('',(-1.,0.,0.));
#3616=DIRECTION('',(0.,0.,1.));
#3617=DIRECTION('',(1.,0.,0.));
#3618=DIRECTION('',(0.,0.,-1.));
#3619=DIRECTION('',(-1.,0.,0.));
#3620=DIRECTION('',(0.,0.,1.));
#3621=DIRECTION('',(1.,0.,0.));
#3622=DIRECTION('',(0.,0.,-1.));
#3623=DIRECTION('',(-1.,0.,0.));
#3624=DIRECTION('',(0.,0.,1.));
#3625=DIRECTION('',(1.,0.,0.));
#3626=DIRECTION('',(0.,0.,-1.));
#3627=DIRECTION('',(-1.,0.,0.));
#3628=DIRECTION('',(0.,0.,1.));
#3629=DIRECTION('',(1.,0.,0.));
#3630=DIRECTION('',(0.,0.,-1.));
#3631=DIRECTION('',(-1.,0.,0.));
#3632=DIRECTION('',(0.,0.,1.));
#3633=DIRECTION('',(1.,0.,0.));
#3634=DIRECTION('',(0.,0.,-1.));
#3635=DIRECTION('',(-1.,0.,0.));
#3636=DIRECTION('',(0.,0.,1.));
#3637=DIRECTION('',(1.,0.,0.));
#3638=DIRECTION('',(0.,0.,-1.));
#3639=DIRECTION('',(-1.,0.,0.));
#3640=DIRECTION('',(0.,0.,1.));
#3641=DIRECTION('',(1.,0.,0.));
#3642=DIRECTION('',(0.,0.,-1.));
#3643=DIRECTION('',(-1.,0.,0.));
#3644=DIRECTION('',(0.,0.,1.));
#3645=DIRECTION('',(1.,0.,0.));
#3646=DIRECTION('',(0.,0.,-1.));
#3647=DIRECTION('',(-1.,0.,0.));
#3648=DIRECTION('',(0.,0.,1.));
#3649=DIRECTION('',(1.,0.,0.));
#3650=DIRECTION('',(0.,0.,-1.));
#3651=DIRECTION('',(-1.,0.,0.));
#3652=DIRECTION('',(0.,0.,1.));
#3653=DIRECTION('',(1.,0.,0.));
#3654=DIRECTION('',(0.,0.,-1.));
#3655=DIRECTION('',(-1.,0.,0.));
#3656=DIRECTION('',(0.,0.,1.));
#3657=DIRECTION('',(1.,0.,0.));
#3658=DIRECTION('',(0.,0.,-1.));
#3659=DIRECTION('',(-1.,0.,0.));
#3660=DIRECTION('',(0.,0.,1.));
#3661=DIRECTION('',(1.,0.,0.));
#3662=DIRECTION('',(0.,0.,-1.));
#3663=DIRECTION('',(-1.,0.,0.));
#3664=DIRECTION('',(0.,0.,1.));
#3665=DIRECTION('',(1.,0.,0.));
#3666=DIRECTION('',(0.,0.,-1.));
#3667=DIRECTION('',(-1.,0.,0.));
#3668=DIRECTION('',(0.,0.,1.));
#3669=DIRECTION('',(1.,0.,0.));
#3670=DIRECTION('',(0.,0.,-1.));
#3671=DIRECTION('',(-1.,0.,0.));
#3672=DIRECTION('',(0.,0.,1.));
#3673=DIRECTION('',(1.,0.,0.));
#3674=DIRECTION('',(0.,0.,-1.));
#3675=DIRECTION('',(-1.,0.,0.));
#3676=DIRECTION('',(0.,0.,1.));
#3677=DIRECTION('',(1.,0.,0.));
#3678=DIRECTION('',(0.,0.,-1.));
#3679=DIRECTION('',(-1.,0.,0.));
#3680=DIRECTION('',(0.,0.,1.));
#3681=DIRECTION('',(1.,0.,0.));
#3682=DIRECTION('',(0.,0.,-1.));
#3683=DIRECTION('',(-1.,0.,0.));
#3684=DIRECTION('',(0.,0.,1.));
#3685=DIRECTION('',(1.,0.,0.));
#3686=DIRECTION('',(0.,0.,-1.));
#3687=DIRECTION('',(-1.,0.,0.));
#3688=DIRECTION('',(0.,0.,1.));
#3689=DIRECTION('',(1.,0.,0.));
#3690=DIRECTION('',(0.,0.,1.));
#3691=DIRECTION('',(1.,0.,0.));
#3692=DIRECTION('',(0.,0.,1.));
#3693=DIRECTION('',(1.,0.,0.));
#3694=DIRECTION('',(0.,0.,1.));
#3695=DIRECTION('',(1.,0.,0.));
#3696=DIRECTION('',(0.,0.,1.));
#3697=DIRECTION('',(1.,0.,0.));
#3698=DIRECTION('',(0.,0.,1.));
#3699=DIRECTION('',(1.,0.,0.));
#3700=DIRECTION('',(0.,0.,1.));
#3701=DIRECTION('',(1.,0.,0.));
#3702=DIRECTION('',(0.,0.,1.));
#3703=DIRECTION('',(1.,0.,0.));
#3704=DIRECTION('',(0.,0.,1.));
#3705=DIRECTION('',(1.,0.,0.));
#3706=DIRECTION('',(0.,0.,1.));
#3707=DIRECTION('',(1.,0.,0.));
#3708=DIRECTION('',(0.,0.,1.));
#3709=DIRECTION('',(1.,0.,0.));
#3710=DIRECTION('',(0.,0.,1.));
#3711=DIRECTION('',(1.,0.,0.));
#3712=DIRECTION('',(0.,0.,1.));
#3713=DIRECTION('',(1.,0.,0.));
#3714=DIRECTION('',(0.,0.,1.));
#3715=DIRECTION('',(1.,0.,0.));
#3716=DIRECTION('',(0.,0.,1.));
#3717=DIRECTION('',(1.,0.,0.));
#3718=DIRECTION('',(0.,0.,1.));
#3719=DIRECTION('',(1.,0.,0.));
#3720=DIRECTION('',(0.,0.,1.));
#3721=DIRECTION('',(1.,0.,0.));
#3722=DIRECTION('',(0.,0.,1.));
#3723=DIRECTION('',(1.,0.,0.));
#3724=DIRECTION('',(0.,0.,1.));
#3725=DIRECTION('',(1.,0.,0.));
#3726=DIRECTION('',(0.,0.,1.));
#3727=DIRECTION('',(1.,0.,0.));
#3728=DIRECTION('',(0.647327444403695,-0.762212030685544,0.));
#3729=DIRECTION('',(0.762212030685544,0.647327444403695,0.));
#3730=DIRECTION('',(0.762212030685544,0.647327444403695,0.));
#3731=DIRECTION('',(0.,0.,1.));
#3732=DIRECTION('',(0.762212030685544,0.647327444403695,0.));
#3733=DIRECTION('',(0.,0.,1.));
#3734=DIRECTION('',(0.359341186858937,-0.933206253422474,0.));
#3735=DIRECTION('',(0.933206253422474,0.359341186858937,0.));
#3736=DIRECTION('',(0.933206253422474,0.359341186858937,0.));
#3737=DIRECTION('',(0.,0.,1.));
#3738=DIRECTION('',(0.933206253422474,0.359341186858937,0.));
#3739=DIRECTION('',(0.166838684812897,-0.985984205375473,0.));
#3740=DIRECTION('',(0.985984205375473,0.166838684812897,0.));
#3741=DIRECTION('',(0.985984205375473,0.166838684812897,0.));
#3742=DIRECTION('',(0.,0.,1.));
#3743=DIRECTION('',(0.985984205375473,0.166838684812897,0.));
#3744=DIRECTION('',(-0.13847179718629,-0.990366377349312,0.));
#3745=DIRECTION('',(0.990366377349312,-0.13847179718629,0.));
#3746=DIRECTION('',(0.990366377349312,-0.13847179718629,0.));
#3747=DIRECTION('',(0.,0.,1.));
#3748=DIRECTION('',(0.990366377349312,-0.13847179718629,0.));
#3749=DIRECTION('',(-0.416485954413473,-0.909142150478295,0.));
#3750=DIRECTION('',(0.909142150478295,-0.416485954413473,0.));
#3751=DIRECTION('',(0.909142150478295,-0.416485954413473,0.));
#3752=DIRECTION('',(0.,0.,1.));
#3753=DIRECTION('',(0.909142150478295,-0.416485954413473,0.));
#3754=DIRECTION('',(-0.646617780358938,-0.762814162246402,0.));
#3755=DIRECTION('',(0.762814162246402,-0.646617780358938,0.));
#3756=DIRECTION('',(0.762814162246402,-0.646617780358938,0.));
#3757=DIRECTION('',(0.,0.,1.));
#3758=DIRECTION('',(0.762814162246402,-0.646617780358938,0.));
#3759=DIRECTION('',(-0.829884167547826,-0.557935720718302,0.));
#3760=DIRECTION('',(0.557935720718302,-0.829884167547826,0.));
#3761=DIRECTION('',(0.557935720718302,-0.829884167547826,0.));
#3762=DIRECTION('',(0.,0.,1.));
#3763=DIRECTION('',(0.557935720718302,-0.829884167547826,0.));
#3764=DIRECTION('',(-0.829884167547826,0.557935720718302,0.));
#3765=DIRECTION('',(-0.557935720718302,-0.829884167547826,0.));
#3766=DIRECTION('',(-0.557935720718302,-0.829884167547826,0.));
#3767=DIRECTION('',(0.,0.,1.));
#3768=DIRECTION('',(-0.557935720718302,-0.829884167547826,0.));
#3769=DIRECTION('',(-0.646617780358939,0.762814162246401,0.));
#3770=DIRECTION('',(-0.762814162246401,-0.646617780358939,0.));
#3771=DIRECTION('',(-0.762814162246401,-0.646617780358939,0.));
#3772=DIRECTION('',(0.,0.,1.));
#3773=DIRECTION('',(-0.762814162246401,-0.646617780358939,0.));
#3774=DIRECTION('',(-0.359341186858937,0.933206253422474,0.));
#3775=DIRECTION('',(-0.933206253422474,-0.359341186858937,0.));
#3776=DIRECTION('',(-0.933206253422474,-0.359341186858937,0.));
#3777=DIRECTION('',(0.,0.,1.));
#3778=DIRECTION('',(-0.933206253422474,-0.359341186858937,0.));
#3779=DIRECTION('',(-0.166838684812897,0.985984205375473,0.));
#3780=DIRECTION('',(-0.985984205375473,-0.166838684812897,0.));
#3781=DIRECTION('',(-0.985984205375473,-0.166838684812897,0.));
#3782=DIRECTION('',(0.,0.,1.));
#3783=DIRECTION('',(-0.985984205375473,-0.166838684812897,0.));
#3784=DIRECTION('',(0.13847179718629,0.990366377349312,0.));
#3785=DIRECTION('',(-0.990366377349312,0.13847179718629,0.));
#3786=DIRECTION('',(-0.990366377349312,0.13847179718629,0.));
#3787=DIRECTION('',(0.,0.,1.));
#3788=DIRECTION('',(-0.990366377349312,0.13847179718629,0.));
#3789=DIRECTION('',(0.416485954413473,0.909142150478295,0.));
#3790=DIRECTION('',(-0.909142150478295,0.416485954413473,0.));
#3791=DIRECTION('',(-0.909142150478295,0.416485954413473,0.));
#3792=DIRECTION('',(0.,0.,1.));
#3793=DIRECTION('',(-0.909142150478295,0.416485954413473,0.));
#3794=DIRECTION('',(0.647327444403696,0.762212030685544,0.));
#3795=DIRECTION('',(-0.762212030685544,0.647327444403696,0.));
#3796=DIRECTION('',(-0.762212030685544,0.647327444403696,0.));
#3797=DIRECTION('',(0.,0.,1.));
#3798=DIRECTION('',(-0.762212030685544,0.647327444403696,0.));
#3799=DIRECTION('',(0.831872759304663,0.554966406484974,0.));
#3800=DIRECTION('',(-0.554966406484974,0.831872759304663,0.));
#3801=DIRECTION('',(-0.554966406484974,0.831872759304663,0.));
#3802=DIRECTION('',(0.,0.,1.));
#3803=DIRECTION('',(-0.554966406484974,0.831872759304663,0.));
#3804=DIRECTION('',(0.679806188274358,0.73339180959695,0.));
#3805=DIRECTION('',(-0.73339180959695,0.679806188274358,0.));
#3806=DIRECTION('',(0.,0.,1.));
#3807=DIRECTION('',(-0.73339180959695,0.679806188274358,0.));
#3808=DIRECTION('',(0.,0.,1.));
#3809=DIRECTION('',(0.442197085603681,0.896917910114193,0.));
#3810=DIRECTION('',(-0.896917910114193,0.442197085603681,0.));
#3811=DIRECTION('',(0.,0.,1.));
#3812=DIRECTION('',(-0.896917910114193,0.442197085603681,0.));
#3813=DIRECTION('',(0.146601376585638,0.989195651215267,0.));
#3814=DIRECTION('',(-0.989195651215267,0.146601376585638,0.));
#3815=DIRECTION('',(0.,0.,1.));
#3816=DIRECTION('',(-0.989195651215267,0.146601376585638,0.));
#3817=DIRECTION('',(-0.146601376585638,0.989195651215267,0.));
#3818=DIRECTION('',(-0.989195651215267,-0.146601376585638,0.));
#3819=DIRECTION('',(0.,0.,1.));
#3820=DIRECTION('',(-0.989195651215267,-0.146601376585638,0.));
#3821=DIRECTION('',(-0.442197085603681,0.896917910114193,0.));
#3822=DIRECTION('',(-0.896917910114193,-0.442197085603681,0.));
#3823=DIRECTION('',(0.,0.,1.));
#3824=DIRECTION('',(-0.896917910114193,-0.442197085603681,0.));
#3825=DIRECTION('',(-0.679806188274357,0.73339180959695,0.));
#3826=DIRECTION('',(-0.73339180959695,-0.679806188274357,0.));
#3827=DIRECTION('',(0.,0.,1.));
#3828=DIRECTION('',(-0.73339180959695,-0.679806188274357,0.));
#3829=DIRECTION('',(-0.860461051268472,0.509516220791799,0.));
#3830=DIRECTION('',(-0.509516220791799,-0.860461051268472,0.));
#3831=DIRECTION('',(0.,0.,1.));
#3832=DIRECTION('',(-0.509516220791799,-0.860461051268472,0.));
#3833=DIRECTION('',(-0.860461051268472,-0.509516220791799,0.));
#3834=DIRECTION('',(0.509516220791799,-0.860461051268472,0.));
#3835=DIRECTION('',(0.,0.,1.));
#3836=DIRECTION('',(0.509516220791799,-0.860461051268472,0.));
#3837=DIRECTION('',(-0.679806188274358,-0.73339180959695,0.));
#3838=DIRECTION('',(0.73339180959695,-0.679806188274358,0.));
#3839=DIRECTION('',(0.,0.,1.));
#3840=DIRECTION('',(0.73339180959695,-0.679806188274358,0.));
#3841=DIRECTION('',(-0.442197085603681,-0.896917910114193,0.));
#3842=DIRECTION('',(0.896917910114193,-0.442197085603681,0.));
#3843=DIRECTION('',(0.,0.,1.));
#3844=DIRECTION('',(0.896917910114193,-0.442197085603681,0.));
#3845=DIRECTION('',(-0.146601376585639,-0.989195651215267,0.));
#3846=DIRECTION('',(0.989195651215267,-0.146601376585639,0.));
#3847=DIRECTION('',(0.,0.,1.));
#3848=DIRECTION('',(0.989195651215267,-0.146601376585639,0.));
#3849=DIRECTION('',(0.146601376585639,-0.989195651215267,0.));
#3850=DIRECTION('',(0.989195651215267,0.146601376585639,0.));
#3851=DIRECTION('',(0.,0.,1.));
#3852=DIRECTION('',(0.989195651215267,0.146601376585639,0.));
#3853=DIRECTION('',(0.442197085603681,-0.896917910114193,0.));
#3854=DIRECTION('',(0.896917910114193,0.442197085603681,0.));
#3855=DIRECTION('',(0.,0.,1.));
#3856=DIRECTION('',(0.896917910114193,0.442197085603681,0.));
#3857=DIRECTION('',(0.679806188274357,-0.73339180959695,0.));
#3858=DIRECTION('',(0.73339180959695,0.679806188274357,0.));
#3859=DIRECTION('',(0.,0.,1.));
#3860=DIRECTION('',(0.73339180959695,0.679806188274357,0.));
#3861=DIRECTION('',(0.860461051268472,-0.509516220791799,0.));
#3862=DIRECTION('',(0.509516220791799,0.860461051268472,0.));
#3863=DIRECTION('',(0.,0.,1.));
#3864=DIRECTION('',(0.509516220791799,0.860461051268472,0.));
#3865=DIRECTION('',(0.860461051268472,0.509516220791799,0.));
#3866=DIRECTION('',(-0.509516220791799,0.860461051268472,0.));
#3867=DIRECTION('',(-0.509516220791799,0.860461051268472,0.));
#3868=DIRECTION('',(0.831872759304664,-0.554966406484974,0.));
#3869=DIRECTION('',(0.554966406484974,0.831872759304663,0.));
#3870=DIRECTION('',(0.554966406484974,0.831872759304663,0.));
#3871=DIRECTION('',(0.554966406484974,0.831872759304663,0.));
#3872=DIRECTION('',(0.,0.,1.));
#3873=DIRECTION('',(1.,0.,0.));
#3874=DIRECTION('',(0.,0.,1.));
#3875=DIRECTION('',(1.,0.,0.));
#3876=DIRECTION('',(0.873664634844482,0.486528627957346,0.));
#3877=DIRECTION('',(0.974489186190245,0.224434458134829,0.));
#3878=DIRECTION('',(0.982641413906776,-0.185515098240794,0.));
#3879=DIRECTION('',(0.828136535991363,-0.560526429132673,0.));
#3880=DIRECTION('',(0.486528627957347,-0.873664634844482,0.));
#3881=DIRECTION('',(0.224434458134829,-0.974489186190245,0.));
#3882=DIRECTION('',(-0.185515098240794,-0.982641413906776,0.));
#3883=DIRECTION('',(-0.560526429132674,-0.828136535991363,0.));
#3884=DIRECTION('',(-0.873664634844481,-0.486528627957348,0.));
#3885=DIRECTION('',(-0.974489186190245,-0.224434458134827,0.));
#3886=DIRECTION('',(-0.982641413906777,0.185515098240792,0.));
#3887=DIRECTION('',(-0.828136535991362,0.560526429132675,0.));
#3888=DIRECTION('',(-0.486528627957346,0.873664634844482,0.));
#3889=DIRECTION('',(-0.22443445813483,0.974489186190245,0.));
#3890=DIRECTION('',(0.185515098240794,0.982641413906776,0.));
#3891=DIRECTION('',(0.560526429132674,0.828136535991363,0.));
#3892=DIRECTION('',(0.486528627957346,-0.873664634844482,0.));
#3893=DIRECTION('',(0.873664634844482,0.486528627957346,0.));
#3894=DIRECTION('',(0.,0.,1.));
#3895=DIRECTION('',(0.873664634844482,0.486528627957346,0.));
#3896=DIRECTION('',(0.,0.,1.));
#3897=DIRECTION('',(0.828136535991363,-0.560526429132674,0.));
#3898=DIRECTION('',(0.560526429132674,0.828136535991363,0.));
#3899=DIRECTION('',(0.,0.,1.));
#3900=DIRECTION('',(0.560526429132674,0.828136535991363,0.));
#3901=DIRECTION('',(0.982641413906776,-0.185515098240794,0.));
#3902=DIRECTION('',(0.185515098240794,0.982641413906777,0.));
#3903=DIRECTION('',(0.,0.,1.));
#3904=DIRECTION('',(0.185515098240794,0.982641413906776,0.));
#3905=DIRECTION('',(0.974489186190245,0.22443445813483,0.));
#3906=DIRECTION('',(-0.22443445813483,0.974489186190245,0.));
#3907=DIRECTION('',(0.,0.,1.));
#3908=DIRECTION('',(-0.22443445813483,0.974489186190245,0.));
#3909=DIRECTION('',(0.873664634844482,0.486528627957346,0.));
#3910=DIRECTION('',(-0.486528627957346,0.873664634844482,0.));
#3911=DIRECTION('',(0.,0.,1.));
#3912=DIRECTION('',(-0.486528627957346,0.873664634844482,0.));
#3913=DIRECTION('',(0.560526429132675,0.828136535991362,0.));
#3914=DIRECTION('',(-0.828136535991362,0.560526429132675,0.));
#3915=DIRECTION('',(0.,0.,1.));
#3916=DIRECTION('',(-0.828136535991362,0.560526429132675,0.));
#3917=DIRECTION('',(0.185515098240792,0.982641413906777,0.));
#3918=DIRECTION('',(-0.982641413906777,0.185515098240792,0.));
#3919=DIRECTION('',(0.,0.,1.));
#3920=DIRECTION('',(-0.982641413906777,0.185515098240792,0.));
#3921=DIRECTION('',(-0.224434458134827,0.974489186190246,0.));
#3922=DIRECTION('',(-0.974489186190246,-0.224434458134827,0.));
#3923=DIRECTION('',(0.,0.,1.));
#3924=DIRECTION('',(-0.974489186190245,-0.224434458134827,0.));
#3925=DIRECTION('',(-0.486528627957348,0.873664634844481,0.));
#3926=DIRECTION('',(-0.873664634844481,-0.486528627957348,0.));
#3927=DIRECTION('',(0.,0.,1.));
#3928=DIRECTION('',(-0.873664634844481,-0.486528627957348,0.));
#3929=DIRECTION('',(-0.828136535991363,0.560526429132674,0.));
#3930=DIRECTION('',(-0.560526429132674,-0.828136535991363,0.));
#3931=DIRECTION('',(0.,0.,1.));
#3932=DIRECTION('',(-0.560526429132674,-0.828136535991363,0.));
#3933=DIRECTION('',(-0.982641413906777,0.185515098240794,0.));
#3934=DIRECTION('',(-0.185515098240794,-0.982641413906777,0.));
#3935=DIRECTION('',(0.,0.,1.));
#3936=DIRECTION('',(-0.185515098240794,-0.982641413906776,0.));
#3937=DIRECTION('',(-0.974489186190245,-0.224434458134829,0.));
#3938=DIRECTION('',(0.224434458134829,-0.974489186190245,0.));
#3939=DIRECTION('',(0.,0.,1.));
#3940=DIRECTION('',(0.224434458134829,-0.974489186190245,0.));
#3941=DIRECTION('',(-0.873664634844482,-0.486528627957347,0.));
#3942=DIRECTION('',(0.486528627957347,-0.873664634844482,0.));
#3943=DIRECTION('',(0.,0.,1.));
#3944=DIRECTION('',(0.486528627957347,-0.873664634844482,0.));
#3945=DIRECTION('',(-0.560526429132673,-0.828136535991363,0.));
#3946=DIRECTION('',(0.828136535991363,-0.560526429132673,0.));
#3947=DIRECTION('',(0.,0.,1.));
#3948=DIRECTION('',(0.828136535991363,-0.560526429132673,0.));
#3949=DIRECTION('',(-0.185515098240794,-0.982641413906777,0.));
#3950=DIRECTION('',(0.982641413906777,-0.185515098240794,0.));
#3951=DIRECTION('',(0.,0.,1.));
#3952=DIRECTION('',(0.982641413906776,-0.185515098240794,0.));
#3953=DIRECTION('',(0.379201071199222,0.925314296658904,0.));
#3954=DIRECTION('',(-0.925314296658904,0.379201071199222,0.));
#3955=DIRECTION('',(-0.925314296658904,0.379201071199222,0.));
#3956=DIRECTION('',(0.,0.,1.));
#3957=DIRECTION('',(-0.925314296658904,0.379201071199222,0.));
#3958=DIRECTION('',(0.,0.,1.));
#3959=DIRECTION('',(0.82859936570375,0.559842023391727,0.));
#3960=DIRECTION('',(-0.559842023391727,0.82859936570375,0.));
#3961=DIRECTION('',(-0.559842023391727,0.82859936570375,0.));
#3962=DIRECTION('',(0.,0.,1.));
#3963=DIRECTION('',(-0.559842023391727,0.82859936570375,0.));
#3964=DIRECTION('',(0.982791477995864,0.184718463556585,0.));
#3965=DIRECTION('',(-0.184718463556585,0.982791477995864,0.));
#3966=DIRECTION('',(-0.184718463556585,0.982791477995864,0.));
#3967=DIRECTION('',(0.,0.,1.));
#3968=DIRECTION('',(-0.184718463556585,0.982791477995864,0.));
#3969=DIRECTION('',(0.925314296658904,-0.379201071199223,0.));
#3970=DIRECTION('',(0.379201071199223,0.925314296658904,0.));
#3971=DIRECTION('',(0.379201071199223,0.925314296658904,0.));
#3972=DIRECTION('',(0.,0.,1.));
#3973=DIRECTION('',(0.379201071199223,0.925314296658904,0.));
#3974=DIRECTION('',(0.559842023391724,-0.828599365703752,0.));
#3975=DIRECTION('',(0.828599365703752,0.559842023391724,0.));
#3976=DIRECTION('',(0.828599365703752,0.559842023391724,0.));
#3977=DIRECTION('',(0.,0.,1.));
#3978=DIRECTION('',(0.828599365703752,0.559842023391724,0.));
#3979=DIRECTION('',(0.184718463556585,-0.982791477995864,0.));
#3980=DIRECTION('',(0.982791477995864,0.184718463556585,0.));
#3981=DIRECTION('',(0.982791477995864,0.184718463556585,0.));
#3982=DIRECTION('',(0.,0.,1.));
#3983=DIRECTION('',(0.982791477995864,0.184718463556585,0.));
#3984=DIRECTION('',(-0.37920107119922,-0.925314296658905,0.));
#3985=DIRECTION('',(0.925314296658905,-0.37920107119922,0.));
#3986=DIRECTION('',(0.925314296658905,-0.37920107119922,0.));
#3987=DIRECTION('',(0.,0.,1.));
#3988=DIRECTION('',(0.925314296658905,-0.37920107119922,0.));
#3989=DIRECTION('',(-0.82859936570375,-0.559842023391727,0.));
#3990=DIRECTION('',(0.559842023391727,-0.82859936570375,0.));
#3991=DIRECTION('',(0.559842023391727,-0.82859936570375,0.));
#3992=DIRECTION('',(0.,0.,1.));
#3993=DIRECTION('',(0.559842023391727,-0.82859936570375,0.));
#3994=DIRECTION('',(-0.982791477995864,-0.184718463556583,0.));
#3995=DIRECTION('',(0.184718463556583,-0.982791477995864,0.));
#3996=DIRECTION('',(0.184718463556583,-0.982791477995865,0.));
#3997=DIRECTION('',(0.,0.,1.));
#3998=DIRECTION('',(0.184718463556583,-0.982791477995865,0.));
#3999=DIRECTION('',(-0.925314296658904,0.379201071199222,0.));
#4000=DIRECTION('',(-0.379201071199222,-0.925314296658904,0.));
#4001=DIRECTION('',(-0.379201071199222,-0.925314296658904,0.));
#4002=DIRECTION('',(0.,0.,1.));
#4003=DIRECTION('',(-0.379201071199222,-0.925314296658904,0.));
#4004=DIRECTION('',(-0.559842023391725,0.828599365703751,0.));
#4005=DIRECTION('',(-0.828599365703751,-0.559842023391725,0.));
#4006=DIRECTION('',(-0.828599365703751,-0.559842023391725,0.));
#4007=DIRECTION('',(0.,0.,1.));
#4008=DIRECTION('',(-0.828599365703751,-0.559842023391725,0.));
#4009=DIRECTION('',(-0.184718463556585,0.982791477995864,0.));
#4010=DIRECTION('',(-0.982791477995864,-0.184718463556585,0.));
#4011=DIRECTION('',(-0.982791477995864,-0.184718463556585,0.));
#4012=DIRECTION('',(-0.982791477995864,-0.184718463556585,0.));
#4013=DIRECTION('',(0.224434458134829,-0.974489186190245,0.));
#4014=DIRECTION('',(0.974489186190245,0.224434458134829,0.));
#4015=DIRECTION('',(0.974489186190245,0.224434458134829,0.));
#4016=DIRECTION('',(0.,0.,1.));
#4017=DIRECTION('',(1.,0.,0.));
#4018=DIRECTION('',(0.,0.,1.));
#4019=DIRECTION('',(1.,0.,0.));
#4020=DIRECTION('',(0.,0.,-1.));
#4021=DIRECTION('',(1.,0.,0.));
#4022=DIRECTION('',(0.,0.,-1.));
#4023=DIRECTION('',(-1.,0.,0.));
#4024=DIRECTION('',(0.,0.,1.));
#4025=DIRECTION('',(1.,0.,0.));
#4026=DIRECTION('',(0.,0.,1.));
#4027=DIRECTION('',(1.,0.,0.));
#4028=DIRECTION('',(-1.,0.,0.));
#4029=DIRECTION('',(0.,-1.,0.));
#4030=DIRECTION('',(0.,0.,-1.));
#4031=DIRECTION('',(0.,0.,-1.));
#4032=DIRECTION('',(-1.,0.,0.));
#4033=DIRECTION('',(0.,0.,-1.));
#4034=DIRECTION('',(0.,0.,-1.));
#4035=DIRECTION('',(-1.,0.,0.));
#4036=DIRECTION('',(0.,0.,1.));
#4037=DIRECTION('',(1.,0.,0.));
#4038=DIRECTION('',(0.,0.,1.));
#4039=DIRECTION('',(1.,0.,0.));
#4040=DIRECTION('',(0.,0.,1.));
#4041=DIRECTION('',(1.,0.,0.));
#4042=DIRECTION('',(0.,0.,1.));
#4043=DIRECTION('',(1.,0.,0.));
#4044=DIRECTION('',(0.,0.,-1.));
#4045=DIRECTION('',(1.,0.,0.));
#4046=DIRECTION('',(0.,0.,-1.));
#4047=DIRECTION('',(1.,0.,0.));
#4048=DIRECTION('',(0.,0.,-1.));
#4049=DIRECTION('',(1.,0.,0.));
#4050=DIRECTION('',(0.,0.,-1.));
#4051=DIRECTION('',(1.,0.,0.));
#4052=DIRECTION('',(0.,0.,-1.));
#4053=DIRECTION('',(1.,0.,0.));
#4054=DIRECTION('',(0.,0.,-1.));
#4055=DIRECTION('',(1.,0.,0.));
#4056=DIRECTION('',(0.,0.,-1.));
#4057=DIRECTION('',(1.,0.,0.));
#4058=DIRECTION('',(0.,0.,-1.));
#4059=DIRECTION('',(1.,0.,0.));
#4060=DIRECTION('',(0.,0.,-1.));
#4061=DIRECTION('',(1.,0.,0.));
#4062=DIRECTION('',(0.,0.,-1.));
#4063=DIRECTION('',(1.,0.,0.));
#4064=DIRECTION('',(0.,0.,-1.));
#4065=DIRECTION('',(1.,0.,0.));
#4066=DIRECTION('',(0.,0.,-1.));
#4067=DIRECTION('',(1.,0.,0.));
#4068=DIRECTION('',(0.,0.,-1.));
#4069=DIRECTION('',(1.,0.,0.));
#4070=DIRECTION('',(0.,0.,-1.));
#4071=DIRECTION('',(1.,0.,0.));
#4072=DIRECTION('',(0.,0.,-1.));
#4073=DIRECTION('',(1.,0.,0.));
#4074=DIRECTION('',(0.,0.,-1.));
#4075=DIRECTION('',(1.,0.,0.));
#4076=DIRECTION('',(0.,0.,-1.));
#4077=DIRECTION('',(1.,0.,0.));
#4078=DIRECTION('',(0.,0.,-1.));
#4079=DIRECTION('',(1.,0.,0.));
#4080=DIRECTION('',(0.,0.,-1.));
#4081=DIRECTION('',(1.,0.,0.));
#4082=CARTESIAN_POINT('',(0.,0.,0.));
#4083=CARTESIAN_POINT('',(-0.00585657011586136,-0.00471174983185649,-0.011));
#4084=CARTESIAN_POINT('',(-0.00584429439580554,-0.00470044923546207,0.015));
#4085=CARTESIAN_POINT('',(-0.00584429439580554,-0.00470044923546207,0.011));
#4086=CARTESIAN_POINT('',(-0.00584429439580554,-0.00470044923546207,0.));
#4087=CARTESIAN_POINT('',(-0.00585657011586136,-0.00471174983185649,0.));
#4088=CARTESIAN_POINT('',(-0.00567263913819308,-0.00454242943895006,0.));
#4089=CARTESIAN_POINT('',(-0.00567263913819308,-0.00454242943895006,-0.011));
#4090=CARTESIAN_POINT('',(-0.00567263913819308,-0.00454242943895006,0.011));
#4091=CARTESIAN_POINT('',(-0.00585657011586136,-0.00471174983185649,0.011));
#4092=CARTESIAN_POINT('',(-0.00517928854423562,-0.00544747374252962,-0.011));
#4093=CARTESIAN_POINT('',(-0.00517928854423562,-0.00544747374252962,0.));
#4094=CARTESIAN_POINT('',(-0.0051670128241798,-0.0054361731461352,0.));
#4095=CARTESIAN_POINT('',(-0.00499535756656733,-0.00527815334962319,0.));
#4096=CARTESIAN_POINT('',(-0.0051670128241798,-0.0054361731461352,0.015));
#4097=CARTESIAN_POINT('',(-0.0051670128241798,-0.0054361731461352,0.011));
#4098=CARTESIAN_POINT('',(-0.00517928854423562,-0.00544747374252962,0.011));
#4099=CARTESIAN_POINT('',(-0.00499535756656733,-0.00527815334962319,0.011));
#4100=CARTESIAN_POINT('',(-0.00499535756656733,-0.00527815334962319,-0.011));
#4101=CARTESIAN_POINT('',(-0.0053339983523802,-0.00491029139428662,-0.011));
#4102=CARTESIAN_POINT('',(-0.0053339983523802,-0.00491029139428662,0.));
#4103=CARTESIAN_POINT('',(-0.0053339983523802,-0.00491029139428662,0.011));
#4104=CARTESIAN_POINT('',(0.0005,0.0075,-0.011));
#4105=CARTESIAN_POINT('',(0.0005,0.00748331477354788,0.015));
#4106=CARTESIAN_POINT('',(0.0005,0.00748331477354788,0.011));
#4107=CARTESIAN_POINT('',(0.0005,0.00748331477354788,0.));
#4108=CARTESIAN_POINT('',(0.0005,0.0075,0.));
#4109=CARTESIAN_POINT('',(0.0005,0.00725,0.));
#4110=CARTESIAN_POINT('',(0.0005,0.00725,-0.011));
#4111=CARTESIAN_POINT('',(0.0005,0.00725,0.011));
#4112=CARTESIAN_POINT('',(0.0005,0.0075,0.011));
#4113=CARTESIAN_POINT('',(-0.0005,0.0075,-0.011));
#4114=CARTESIAN_POINT('',(-0.0005,0.0075,0.));
#4115=CARTESIAN_POINT('',(-0.0005,0.00748331477354788,0.));
#4116=CARTESIAN_POINT('',(-0.0005,0.00725,0.));
#4117=CARTESIAN_POINT('',(-0.0005,0.00748331477354788,0.015));
#4118=CARTESIAN_POINT('',(-0.0005,0.00748331477354788,0.011));
#4119=CARTESIAN_POINT('',(-0.0005,0.0075,0.011));
#4120=CARTESIAN_POINT('',(-0.0005,0.00725,0.011));
#4121=CARTESIAN_POINT('',(-0.0005,0.00725,-0.011));
#4122=CARTESIAN_POINT('',(0.,0.00725,-0.011));
#4123=CARTESIAN_POINT('',(0.,0.00725,0.));
#4124=CARTESIAN_POINT('',(0.,0.00725,0.011));
#4125=CARTESIAN_POINT('',(-0.00751567337028619,-0.000121052844539161,-0.011));
#4126=CARTESIAN_POINT('',(-0.00749904513234171,-0.000119674989459687,0.015));
#4127=CARTESIAN_POINT('',(-0.00749904513234171,-0.000119674989459687,0.011));
#4128=CARTESIAN_POINT('',(-0.00749904513234171,-0.000119674989459687,0.));
#4129=CARTESIAN_POINT('',(-0.00751567337028619,-0.000121052844539161,0.));
#4130=CARTESIAN_POINT('',(-0.00726652724703452,-0.000100408008171078,0.));
#4131=CARTESIAN_POINT('',(-0.00726652724703452,-0.000100408008171078,-0.011));
#4132=CARTESIAN_POINT('',(-0.00726652724703452,-0.000100408008171078,0.011));
#4133=CARTESIAN_POINT('',(-0.00751567337028619,-0.000121052844539161,0.011));
#4134=CARTESIAN_POINT('',(-0.00743309402481386,-0.00111763733754583,-0.011));
#4135=CARTESIAN_POINT('',(-0.00743309402481386,-0.00111763733754583,0.));
#4136=CARTESIAN_POINT('',(-0.00741646578686937,-0.00111625948246636,0.));
#4137=CARTESIAN_POINT('',(-0.00718394790156219,-0.00109699250117775,0.));
#4138=CARTESIAN_POINT('',(-0.00741646578686937,-0.00111625948246636,0.015));
#4139=CARTESIAN_POINT('',(-0.00741646578686937,-0.00111625948246636,0.011));
#4140=CARTESIAN_POINT('',(-0.00743309402481386,-0.00111763733754583,0.011));
#4141=CARTESIAN_POINT('',(-0.00718394790156219,-0.00109699250117775,0.011));
#4142=CARTESIAN_POINT('',(-0.00718394790156219,-0.00109699250117775,-0.011));
#4143=CARTESIAN_POINT('',(-0.00722523757429836,-0.000598700254674412,-0.011));
#4144=CARTESIAN_POINT('',(-0.00722523757429836,-0.000598700254674412,0.));
#4145=CARTESIAN_POINT('',(-0.00722523757429836,-0.000598700254674412,0.011));
#4146=CARTESIAN_POINT('',(0.00666745223758645,-0.0034706023482248,-0.011));
#4147=CARTESIAN_POINT('',(0.0066521723522524,-0.00346389996909968,0.015));
#4148=CARTESIAN_POINT('',(0.0066521723522524,-0.00346389996909968,0.011));
#4149=CARTESIAN_POINT('',(0.0066521723522524,-0.00346389996909968,0.));
#4150=CARTESIAN_POINT('',(0.00666745223758645,-0.0034706023482248,0.));
#4151=CARTESIAN_POINT('',(0.00643850890592268,-0.00337017849206155,0.));
#4152=CARTESIAN_POINT('',(0.00643850890592268,-0.00337017849206155,-0.011));
#4153=CARTESIAN_POINT('',(0.00643850890592268,-0.00337017849206155,0.011));
#4154=CARTESIAN_POINT('',(0.00666745223758645,-0.0034706023482248,0.011));
#4155=CARTESIAN_POINT('',(0.00706914766223942,-0.00255482902156975,-0.011));
#4156=CARTESIAN_POINT('',(0.00706914766223942,-0.00255482902156975,0.));
#4157=CARTESIAN_POINT('',(0.00705386777690537,-0.00254812664244463,0.));
#4158=CARTESIAN_POINT('',(0.00684020433057565,-0.0024544051654065,0.));
#4159=CARTESIAN_POINT('',(0.00705386777690537,-0.00254812664244463,0.015));
#4160=CARTESIAN_POINT('',(0.00705386777690537,-0.00254812664244463,0.011));
#4161=CARTESIAN_POINT('',(0.00706914766223942,-0.00255482902156975,0.011));
#4162=CARTESIAN_POINT('',(0.00684020433057565,-0.0024544051654065,0.011));
#4163=CARTESIAN_POINT('',(0.00684020433057565,-0.0024544051654065,-0.011));
#4164=CARTESIAN_POINT('',(0.00663935661824917,-0.00291229182873403,-0.011));
#4165=CARTESIAN_POINT('',(0.00663935661824917,-0.00291229182873403,0.));
#4166=CARTESIAN_POINT('',(0.00663935661824917,-0.00291229182873403,0.011));
#4167=CARTESIAN_POINT('',(0.00290815463988545,0.00693127957815242,-0.011));
#4168=CARTESIAN_POINT('',(0.00290273695571288,0.00691549840329233,0.015));
#4169=CARTESIAN_POINT('',(0.00290273695571288,0.00691549840329233,0.011));
#4170=CARTESIAN_POINT('',(0.00290273695571288,0.00691549840329233,0.));
#4171=CARTESIAN_POINT('',(0.00290815463988545,0.00693127957815242,0.));
#4172=CARTESIAN_POINT('',(0.00282697977258427,0.00669482526772726,0.));
#4173=CARTESIAN_POINT('',(0.00282697977258427,0.00669482526772726,-0.011));
#4174=CARTESIAN_POINT('',(0.00282697977258427,0.00669482526772726,0.011));
#4175=CARTESIAN_POINT('',(0.00290815463988545,0.00693127957815242,0.011));
#4176=CARTESIAN_POINT('',(0.00196233739818481,0.0072559790473571,-0.011));
#4177=CARTESIAN_POINT('',(0.00196233739818481,0.0072559790473571,0.));
#4178=CARTESIAN_POINT('',(0.00195691971401224,0.00724019787249701,0.));
#4179=CARTESIAN_POINT('',(0.00188116253088364,0.00701952473693194,0.));
#4180=CARTESIAN_POINT('',(0.00195691971401224,0.00724019787249701,0.015));
#4181=CARTESIAN_POINT('',(0.00195691971401224,0.00724019787249701,0.011));
#4182=CARTESIAN_POINT('',(0.00196233739818481,0.0072559790473571,0.011));
#4183=CARTESIAN_POINT('',(0.00188116253088364,0.00701952473693194,0.011));
#4184=CARTESIAN_POINT('',(0.00188116253088364,0.00701952473693194,-0.011));
#4185=CARTESIAN_POINT('',(0.00235407115173395,0.0068571750023296,-0.011));
#4186=CARTESIAN_POINT('',(0.00235407115173395,0.0068571750023296,0.));
#4187=CARTESIAN_POINT('',(0.00235407115173395,0.0068571750023296,0.011));
#4188=CARTESIAN_POINT('',(-0.0040093423233813,-0.00635807943753014,-0.011));
#4189=CARTESIAN_POINT('',(-0.00400140103334917,-0.00634340521883256,0.015));
#4190=CARTESIAN_POINT('',(-0.00400140103334917,-0.00634340521883256,0.011));
#4191=CARTESIAN_POINT('',(-0.00400140103334917,-0.00634340521883256,0.));
#4192=CARTESIAN_POINT('',(-0.0040093423233813,-0.00635807943753014,0.));
#4193=CARTESIAN_POINT('',(-0.00389035547512203,-0.00613821099972851,0.));
#4194=CARTESIAN_POINT('',(-0.00389035547512203,-0.00613821099972851,-0.011));
#4195=CARTESIAN_POINT('',(-0.00389035547512203,-0.00613821099972851,0.011));
#4196=CARTESIAN_POINT('',(-0.0040093423233813,-0.00635807943753014,0.011));
#4197=CARTESIAN_POINT('',(-0.0031298685721748,-0.00683402683056721,-0.011));
#4198=CARTESIAN_POINT('',(-0.0031298685721748,-0.00683402683056721,0.));
#4199=CARTESIAN_POINT('',(-0.00312192728214268,-0.00681935261186963,0.));
#4200=CARTESIAN_POINT('',(-0.00301088172391554,-0.00661415839276558,0.));
#4201=CARTESIAN_POINT('',(-0.00312192728214268,-0.00681935261186963,0.015));
#4202=CARTESIAN_POINT('',(-0.00312192728214268,-0.00681935261186963,0.011));
#4203=CARTESIAN_POINT('',(-0.0031298685721748,-0.00683402683056721,0.011));
#4204=CARTESIAN_POINT('',(-0.00301088172391554,-0.00661415839276558,0.011));
#4205=CARTESIAN_POINT('',(-0.00301088172391554,-0.00661415839276558,-0.011));
#4206=CARTESIAN_POINT('',(-0.00345061859951878,-0.00637618469624705,-0.011));
#4207=CARTESIAN_POINT('',(-0.00345061859951878,-0.00637618469624705,0.));
#4208=CARTESIAN_POINT('',(-0.00345061859951878,-0.00637618469624705,0.011));
#4209=CARTESIAN_POINT('',(-0.00421202509047431,0.00622566017681779,-0.011));
#4210=CARTESIAN_POINT('',(-0.00420177681227331,0.00621249318871597,0.015));
#4211=CARTESIAN_POINT('',(-0.00420177681227332,0.00621249318871597,0.011));
#4212=CARTESIAN_POINT('',(-0.00420177681227331,0.00621249318871597,0.));
#4213=CARTESIAN_POINT('',(-0.00421202509047431,0.00622566017681779,0.));
#4214=CARTESIAN_POINT('',(-0.00405847191230189,0.00602837504946869,0.));
#4215=CARTESIAN_POINT('',(-0.00405847191230189,0.00602837504946869,-0.011));
#4216=CARTESIAN_POINT('',(-0.00405847191230189,0.00602837504946869,0.011));
#4217=CARTESIAN_POINT('',(-0.00421202509047431,0.00622566017681779,0.011));
#4218=CARTESIAN_POINT('',(-0.0050011655998707,0.00561144746412812,-0.011));
#4219=CARTESIAN_POINT('',(-0.0050011655998707,0.00561144746412812,0.));
#4220=CARTESIAN_POINT('',(-0.00499091732166971,0.0055982804760263,0.));
#4221=CARTESIAN_POINT('',(-0.00484761242169829,0.00541416233677902,0.));
#4222=CARTESIAN_POINT('',(-0.00499091732166971,0.0055982804760263,0.015));
#4223=CARTESIAN_POINT('',(-0.00499091732166971,0.0055982804760263,0.011));
#4224=CARTESIAN_POINT('',(-0.0050011655998707,0.00561144746412812,0.011));
#4225=CARTESIAN_POINT('',(-0.00484761242169829,0.00541416233677902,0.011));
#4226=CARTESIAN_POINT('',(-0.00484761242169829,0.00541416233677902,-0.011));
#4227=CARTESIAN_POINT('',(-0.00445304216700009,0.00572126869312386,-0.011));
#4228=CARTESIAN_POINT('',(-0.00445304216700009,0.00572126869312386,0.));
#4229=CARTESIAN_POINT('',(-0.00445304216700009,0.00572126869312386,0.011));
#4230=CARTESIAN_POINT('',(0.00739324473811538,0.00135644102058633,-0.011));
#4231=CARTESIAN_POINT('',(0.00737707007515544,0.00135234503964268,0.015));
#4232=CARTESIAN_POINT('',(0.00737707007515544,0.00135234503964268,0.011));
#4233=CARTESIAN_POINT('',(0.00737707007515544,0.00135234503964268,0.));
#4234=CARTESIAN_POINT('',(0.00739324473811538,0.00135644102058633,0.));
#4235=CARTESIAN_POINT('',(0.00715089467163055,0.00129506964880113,0.));
#4236=CARTESIAN_POINT('',(0.00715089467163055,0.00129506964880113,-0.011));
#4237=CARTESIAN_POINT('',(0.00715089467163055,0.00129506964880113,0.011));
#4238=CARTESIAN_POINT('',(0.00739324473811538,0.00135644102058633,0.011));
#4239=CARTESIAN_POINT('',(0.00714775925097458,0.00232584128652566,-0.011));
#4240=CARTESIAN_POINT('',(0.00714775925097458,0.00232584128652566,0.));
#4241=CARTESIAN_POINT('',(0.00713158458801464,0.00232174530558201,0.));
#4242=CARTESIAN_POINT('',(0.00690540918448975,0.00226446991474046,0.));
#4243=CARTESIAN_POINT('',(0.00713158458801464,0.00232174530558201,0.015));
#4244=CARTESIAN_POINT('',(0.00713158458801464,0.00232174530558201,0.011));
#4245=CARTESIAN_POINT('',(0.00714775925097458,0.00232584128652566,0.011));
#4246=CARTESIAN_POINT('',(0.00690540918448975,0.00226446991474046,0.011));
#4247=CARTESIAN_POINT('',(0.00690540918448975,0.00226446991474046,-0.011));
#4248=CARTESIAN_POINT('',(0.00702815192806015,0.0017797697817708,-0.011));
#4249=CARTESIAN_POINT('',(0.00702815192806015,0.0017797697817708,0.));
#4250=CARTESIAN_POINT('',(0.00702815192806015,0.0017797697817708,0.011));
#4251=CARTESIAN_POINT('',(0.00517928854423562,-0.00544747374252962,-0.011));
#4252=CARTESIAN_POINT('',(0.0051670128241798,-0.0054361731461352,0.015));
#4253=CARTESIAN_POINT('',(0.0051670128241798,-0.0054361731461352,0.011));
#4254=CARTESIAN_POINT('',(0.0051670128241798,-0.0054361731461352,0.));
#4255=CARTESIAN_POINT('',(0.00517928854423562,-0.00544747374252962,0.));
#4256=CARTESIAN_POINT('',(0.00499535756656734,-0.00527815334962319,0.));
#4257=CARTESIAN_POINT('',(0.00499535756656734,-0.00527815334962319,-0.011));
#4258=CARTESIAN_POINT('',(0.00499535756656734,-0.00527815334962319,0.011));
#4259=CARTESIAN_POINT('',(0.00517928854423562,-0.00544747374252962,0.011));
#4260=CARTESIAN_POINT('',(0.00585657011586136,-0.00471174983185649,-0.011));
#4261=CARTESIAN_POINT('',(0.00585657011586136,-0.00471174983185649,0.));
#4262=CARTESIAN_POINT('',(0.00584429439580554,-0.00470044923546207,0.));
#4263=CARTESIAN_POINT('',(0.00567263913819308,-0.00454242943895006,0.));
#4264=CARTESIAN_POINT('',(0.00584429439580554,-0.00470044923546207,0.015));
#4265=CARTESIAN_POINT('',(0.00584429439580554,-0.00470044923546207,0.011));
#4266=CARTESIAN_POINT('',(0.00585657011586136,-0.00471174983185649,0.011));
#4267=CARTESIAN_POINT('',(0.00567263913819308,-0.00454242943895006,0.011));
#4268=CARTESIAN_POINT('',(0.00567263913819308,-0.00454242943895006,-0.011));
#4269=CARTESIAN_POINT('',(0.00533399835238021,-0.00491029139428662,-0.011));
#4270=CARTESIAN_POINT('',(0.00533399835238021,-0.00491029139428662,0.));
#4271=CARTESIAN_POINT('',(0.00533399835238021,-0.00491029139428662,0.011));
#4272=CARTESIAN_POINT('',(0.00655222266603018,0.00368352794678694,-0.011));
#4273=CARTESIAN_POINT('',(0.00653825435376225,0.00367440199291109,0.015));
#4274=CARTESIAN_POINT('',(0.00653825435376225,0.00367440199291109,0.011));
#4275=CARTESIAN_POINT('',(0.00653825435376225,0.00367440199291109,0.));
#4276=CARTESIAN_POINT('',(0.00655222266603018,0.00368352794678694,0.));
#4277=CARTESIAN_POINT('',(0.00634293104646455,0.00354679090725633,0.));
#4278=CARTESIAN_POINT('',(0.00634293104646455,0.00354679090725633,-0.011));
#4279=CARTESIAN_POINT('',(0.00634293104646455,0.00354679090725633,0.011));
#4280=CARTESIAN_POINT('',(0.00655222266603018,0.00368352794678694,0.011));
#4281=CARTESIAN_POINT('',(0.00600527450790775,0.00452069442504947,-0.011));
#4282=CARTESIAN_POINT('',(0.00600527450790775,0.00452069442504947,0.));
#4283=CARTESIAN_POINT('',(0.00599130619563982,0.00451156847117363,0.));
#4284=CARTESIAN_POINT('',(0.00579598288834212,0.00438395738551886,0.));
#4285=CARTESIAN_POINT('',(0.00599130619563982,0.00451156847117363,0.015));
#4286=CARTESIAN_POINT('',(0.00599130619563982,0.00451156847117363,0.011));
#4287=CARTESIAN_POINT('',(0.00600527450790775,0.00452069442504947,0.011));
#4288=CARTESIAN_POINT('',(0.00579598288834212,0.00438395738551886,0.011));
#4289=CARTESIAN_POINT('',(0.00579598288834212,0.00438395738551886,-0.011));
#4290=CARTESIAN_POINT('',(0.00606945696740333,0.0039653741463876,-0.011));
#4291=CARTESIAN_POINT('',(0.00606945696740333,0.0039653741463876,0.));
#4292=CARTESIAN_POINT('',(0.00606945696740333,0.0039653741463876,0.011));
#4293=CARTESIAN_POINT('',(0.00500116559987071,0.00561144746412812,-0.011));
#4294=CARTESIAN_POINT('',(0.00499091732166971,0.0055982804760263,0.015));
#4295=CARTESIAN_POINT('',(0.00499091732166971,0.0055982804760263,0.011));
#4296=CARTESIAN_POINT('',(0.00499091732166971,0.0055982804760263,0.));
#4297=CARTESIAN_POINT('',(0.00500116559987071,0.00561144746412812,0.));
#4298=CARTESIAN_POINT('',(0.00484761242169829,0.00541416233677902,0.));
#4299=CARTESIAN_POINT('',(0.00484761242169829,0.00541416233677902,-0.011));
#4300=CARTESIAN_POINT('',(0.00484761242169829,0.00541416233677902,0.011));
#4301=CARTESIAN_POINT('',(0.00500116559987071,0.00561144746412812,0.011));
#4302=CARTESIAN_POINT('',(0.00421202509047431,0.00622566017681779,-0.011));
#4303=CARTESIAN_POINT('',(0.00421202509047431,0.00622566017681779,0.));
#4304=CARTESIAN_POINT('',(0.00420177681227332,0.00621249318871597,0.));
#4305=CARTESIAN_POINT('',(0.00405847191230189,0.00602837504946869,0.));
#4306=CARTESIAN_POINT('',(0.00420177681227332,0.00621249318871597,0.015));
#4307=CARTESIAN_POINT('',(0.00420177681227332,0.00621249318871597,0.011));
#4308=CARTESIAN_POINT('',(0.00421202509047431,0.00622566017681779,0.011));
#4309=CARTESIAN_POINT('',(0.00405847191230189,0.00602837504946869,0.011));
#4310=CARTESIAN_POINT('',(0.00405847191230189,0.00602837504946869,-0.011));
#4311=CARTESIAN_POINT('',(0.00445304216700009,0.00572126869312385,-0.011));
#4312=CARTESIAN_POINT('',(0.00445304216700009,0.00572126869312385,0.));
#4313=CARTESIAN_POINT('',(0.00445304216700009,0.00572126869312385,0.011));
#4314=CARTESIAN_POINT('',(-0.00706914766223942,-0.00255482902156974,-0.011));
#4315=CARTESIAN_POINT('',(-0.00705386777690537,-0.00254812664244462,0.015));
#4316=CARTESIAN_POINT('',(-0.00705386777690537,-0.00254812664244462,0.011));
#4317=CARTESIAN_POINT('',(-0.00705386777690537,-0.00254812664244462,0.));
#4318=CARTESIAN_POINT('',(-0.00706914766223942,-0.00255482902156974,0.));
#4319=CARTESIAN_POINT('',(-0.00684020433057565,-0.0024544051654065,0.));
#4320=CARTESIAN_POINT('',(-0.00684020433057565,-0.0024544051654065,-0.011));
#4321=CARTESIAN_POINT('',(-0.00684020433057565,-0.0024544051654065,0.011));
#4322=CARTESIAN_POINT('',(-0.00706914766223942,-0.00255482902156974,0.011));
#4323=CARTESIAN_POINT('',(-0.00666745223758645,-0.0034706023482248,-0.011));
#4324=CARTESIAN_POINT('',(-0.00666745223758645,-0.0034706023482248,0.));
#4325=CARTESIAN_POINT('',(-0.0066521723522524,-0.00346389996909968,0.));
#4326=CARTESIAN_POINT('',(-0.00643850890592268,-0.00337017849206155,0.));
#4327=CARTESIAN_POINT('',(-0.0066521723522524,-0.00346389996909968,0.015));
#4328=CARTESIAN_POINT('',(-0.0066521723522524,-0.00346389996909968,0.011));
#4329=CARTESIAN_POINT('',(-0.00666745223758645,-0.0034706023482248,0.011));
#4330=CARTESIAN_POINT('',(-0.00643850890592268,-0.00337017849206155,0.011));
#4331=CARTESIAN_POINT('',(-0.00643850890592268,-0.00337017849206155,-0.011));
#4332=CARTESIAN_POINT('',(-0.00663935661824917,-0.00291229182873402,-0.011));
#4333=CARTESIAN_POINT('',(-0.00663935661824917,-0.00291229182873402,0.));
#4334=CARTESIAN_POINT('',(-0.00663935661824917,-0.00291229182873402,0.011));
#4335=CARTESIAN_POINT('',(-0.00196233739818481,0.0072559790473571,-0.011));
#4336=CARTESIAN_POINT('',(-0.00195691971401225,0.00724019787249701,0.015));
#4337=CARTESIAN_POINT('',(-0.00195691971401225,0.00724019787249701,0.011));
#4338=CARTESIAN_POINT('',(-0.00195691971401225,0.00724019787249701,0.));
#4339=CARTESIAN_POINT('',(-0.00196233739818481,0.0072559790473571,0.));
#4340=CARTESIAN_POINT('',(-0.00188116253088364,0.00701952473693194,0.));
#4341=CARTESIAN_POINT('',(-0.00188116253088364,0.00701952473693194,-0.011));
#4342=CARTESIAN_POINT('',(-0.00188116253088364,0.00701952473693194,0.011));
#4343=CARTESIAN_POINT('',(-0.00196233739818481,0.0072559790473571,0.011));
#4344=CARTESIAN_POINT('',(-0.00290815463988545,0.00693127957815242,-0.011));
#4345=CARTESIAN_POINT('',(-0.00290815463988545,0.00693127957815242,0.));
#4346=CARTESIAN_POINT('',(-0.00290273695571289,0.00691549840329233,0.));
#4347=CARTESIAN_POINT('',(-0.00282697977258427,0.00669482526772726,0.));
#4348=CARTESIAN_POINT('',(-0.00290273695571289,0.00691549840329233,0.015));
#4349=CARTESIAN_POINT('',(-0.00290273695571289,0.00691549840329233,0.011));
#4350=CARTESIAN_POINT('',(-0.00290815463988545,0.00693127957815242,0.011));
#4351=CARTESIAN_POINT('',(-0.00282697977258427,0.00669482526772726,0.011));
#4352=CARTESIAN_POINT('',(-0.00282697977258427,0.00669482526772726,-0.011));
#4353=CARTESIAN_POINT('',(-0.00235407115173395,0.0068571750023296,-0.011));
#4354=CARTESIAN_POINT('',(-0.00235407115173395,0.0068571750023296,0.));
#4355=CARTESIAN_POINT('',(-0.00235407115173395,0.0068571750023296,0.011));
#4356=CARTESIAN_POINT('',(0.00312986857217481,-0.00683402683056721,-0.011));
#4357=CARTESIAN_POINT('',(0.00312192728214269,-0.00681935261186963,0.015));
#4358=CARTESIAN_POINT('',(0.00312192728214269,-0.00681935261186963,0.011));
#4359=CARTESIAN_POINT('',(0.00312192728214269,-0.00681935261186963,0.));
#4360=CARTESIAN_POINT('',(0.00312986857217481,-0.00683402683056721,0.));
#4361=CARTESIAN_POINT('',(0.00301088172391554,-0.00661415839276558,0.));
#4362=CARTESIAN_POINT('',(0.00301088172391554,-0.00661415839276558,-0.011));
#4363=CARTESIAN_POINT('',(0.00301088172391554,-0.00661415839276558,0.011));
#4364=CARTESIAN_POINT('',(0.00312986857217481,-0.00683402683056721,0.011));
#4365=CARTESIAN_POINT('',(0.0040093423233813,-0.00635807943753013,-0.011));
#4366=CARTESIAN_POINT('',(0.0040093423233813,-0.00635807943753013,0.));
#4367=CARTESIAN_POINT('',(0.00400140103334918,-0.00634340521883256,0.));
#4368=CARTESIAN_POINT('',(0.00389035547512203,-0.00613821099972851,0.));
#4369=CARTESIAN_POINT('',(0.00400140103334918,-0.00634340521883256,0.015));
#4370=CARTESIAN_POINT('',(0.00400140103334918,-0.00634340521883256,0.011));
#4371=CARTESIAN_POINT('',(0.0040093423233813,-0.00635807943753013,0.011));
#4372=CARTESIAN_POINT('',(0.00389035547512203,-0.00613821099972851,0.011));
#4373=CARTESIAN_POINT('',(0.00389035547512203,-0.00613821099972851,-0.011));
#4374=CARTESIAN_POINT('',(0.00345061859951879,-0.00637618469624705,-0.011));
#4375=CARTESIAN_POINT('',(0.00345061859951879,-0.00637618469624705,0.));
#4376=CARTESIAN_POINT('',(0.00345061859951879,-0.00637618469624705,0.011));
#4377=CARTESIAN_POINT('',(-0.00172764007880687,-0.00731541248038005,-0.011));
#4378=CARTESIAN_POINT('',(-0.00172489378079524,-0.00729895481866917,0.015));
#4379=CARTESIAN_POINT('',(-0.00172489378079524,-0.00729895481866917,0.011));
#4380=CARTESIAN_POINT('',(-0.00172489378079524,-0.00729895481866917,0.));
#4381=CARTESIAN_POINT('',(-0.00172764007880687,-0.00731541248038005,0.));
#4382=CARTESIAN_POINT('',(-0.00168649143123668,-0.00706882215452937,0.));
#4383=CARTESIAN_POINT('',(-0.00168649143123668,-0.00706882215452937,-0.011));
#4384=CARTESIAN_POINT('',(-0.00168649143123668,-0.00706882215452937,0.011));
#4385=CARTESIAN_POINT('',(-0.00172764007880687,-0.00731541248038005,0.011));
#4386=CARTESIAN_POINT('',(-0.000741278775404142,-0.00748000707066079,-0.011));
#4387=CARTESIAN_POINT('',(-0.000741278775404142,-0.00748000707066079,0.));
#4388=CARTESIAN_POINT('',(-0.000738532477392514,-0.0074635494089499,0.));
#4389=CARTESIAN_POINT('',(-0.000700130127833959,-0.00723341674481011,0.));
#4390=CARTESIAN_POINT('',(-0.000738532477392514,-0.0074635494089499,0.015));
#4391=CARTESIAN_POINT('',(-0.000738532477392514,-0.0074635494089499,0.011));
#4392=CARTESIAN_POINT('',(-0.000741278775404142,-0.00748000707066079,0.011));
#4393=CARTESIAN_POINT('',(-0.000700130127833959,-0.00723341674481011,0.011));
#4394=CARTESIAN_POINT('',(-0.000700130127833959,-0.00723341674481011,-0.011));
#4395=CARTESIAN_POINT('',(-0.00119331077953532,-0.00715111944966974,-0.011));
#4396=CARTESIAN_POINT('',(-0.00119331077953532,-0.00715111944966974,0.));
#4397=CARTESIAN_POINT('',(-0.00119331077953532,-0.00715111944966974,0.011));
#4398=CARTESIAN_POINT('',(-0.00600527450790775,0.00452069442504946,-0.011));
#4399=CARTESIAN_POINT('',(-0.00599130619563982,0.00451156847117362,0.015));
#4400=CARTESIAN_POINT('',(-0.00599130619563982,0.00451156847117362,0.011));
#4401=CARTESIAN_POINT('',(-0.00599130619563982,0.00451156847117362,0.));
#4402=CARTESIAN_POINT('',(-0.00600527450790775,0.00452069442504946,0.));
#4403=CARTESIAN_POINT('',(-0.00579598288834212,0.00438395738551886,0.));
#4404=CARTESIAN_POINT('',(-0.00579598288834212,0.00438395738551886,-0.011));
#4405=CARTESIAN_POINT('',(-0.00579598288834212,0.00438395738551886,0.011));
#4406=CARTESIAN_POINT('',(-0.00600527450790775,0.00452069442504946,0.011));
#4407=CARTESIAN_POINT('',(-0.00655222266603018,0.00368352794678694,-0.011));
#4408=CARTESIAN_POINT('',(-0.00655222266603018,0.00368352794678694,0.));
#4409=CARTESIAN_POINT('',(-0.00653825435376225,0.00367440199291109,0.));
#4410=CARTESIAN_POINT('',(-0.00634293104646455,0.00354679090725633,0.));
#4411=CARTESIAN_POINT('',(-0.00653825435376225,0.00367440199291109,0.015));
#4412=CARTESIAN_POINT('',(-0.00653825435376225,0.00367440199291109,0.011));
#4413=CARTESIAN_POINT('',(-0.00655222266603018,0.00368352794678694,0.011));
#4414=CARTESIAN_POINT('',(-0.00634293104646455,0.00354679090725633,0.011));
#4415=CARTESIAN_POINT('',(-0.00634293104646455,0.00354679090725633,-0.011));
#4416=CARTESIAN_POINT('',(-0.00606945696740333,0.0039653741463876,-0.011));
#4417=CARTESIAN_POINT('',(-0.00606945696740333,0.0039653741463876,0.));
#4418=CARTESIAN_POINT('',(-0.00606945696740333,0.0039653741463876,0.011));
#4419=CARTESIAN_POINT('',(0.000741278775404144,-0.00748000707066079,-0.011));
#4420=CARTESIAN_POINT('',(0.000738532477392516,-0.0074635494089499,0.015));
#4421=CARTESIAN_POINT('',(0.000738532477392516,-0.0074635494089499,0.011));
#4422=CARTESIAN_POINT('',(0.000738532477392516,-0.0074635494089499,0.));
#4423=CARTESIAN_POINT('',(0.000741278775404144,-0.00748000707066079,0.));
#4424=CARTESIAN_POINT('',(0.000700130127833961,-0.00723341674481011,0.));
#4425=CARTESIAN_POINT('',(0.000700130127833961,-0.00723341674481011,-0.011));
#4426=CARTESIAN_POINT('',(0.000700130127833961,-0.00723341674481011,0.011));
#4427=CARTESIAN_POINT('',(0.000741278775404144,-0.00748000707066079,0.011));
#4428=CARTESIAN_POINT('',(0.00172764007880687,-0.00731541248038005,-0.011));
#4429=CARTESIAN_POINT('',(0.00172764007880687,-0.00731541248038005,0.));
#4430=CARTESIAN_POINT('',(0.00172489378079524,-0.00729895481866917,0.));
#4431=CARTESIAN_POINT('',(0.00168649143123669,-0.00706882215452937,0.));
#4432=CARTESIAN_POINT('',(0.00172489378079524,-0.00729895481866917,0.015));
#4433=CARTESIAN_POINT('',(0.00172489378079524,-0.00729895481866917,0.011));
#4434=CARTESIAN_POINT('',(0.00172764007880687,-0.00731541248038005,0.011));
#4435=CARTESIAN_POINT('',(0.00168649143123669,-0.00706882215452937,0.011));
#4436=CARTESIAN_POINT('',(0.00168649143123669,-0.00706882215452937,-0.011));
#4437=CARTESIAN_POINT('',(0.00119331077953532,-0.00715111944966974,-0.011));
#4438=CARTESIAN_POINT('',(0.00119331077953532,-0.00715111944966974,0.));
#4439=CARTESIAN_POINT('',(0.00119331077953532,-0.00715111944966974,0.011));
#4440=CARTESIAN_POINT('',(0.00743309402481386,-0.00111763733754583,-0.011));
#4441=CARTESIAN_POINT('',(0.00741646578686937,-0.00111625948246635,0.015));
#4442=CARTESIAN_POINT('',(0.00741646578686937,-0.00111625948246635,0.011));
#4443=CARTESIAN_POINT('',(0.00741646578686937,-0.00111625948246635,0.));
#4444=CARTESIAN_POINT('',(0.00743309402481386,-0.00111763733754583,0.));
#4445=CARTESIAN_POINT('',(0.00718394790156219,-0.00109699250117774,0.));
#4446=CARTESIAN_POINT('',(0.00718394790156219,-0.00109699250117774,-0.011));
#4447=CARTESIAN_POINT('',(0.00718394790156219,-0.00109699250117774,0.011));
#4448=CARTESIAN_POINT('',(0.00743309402481386,-0.00111763733754583,0.011));
#4449=CARTESIAN_POINT('',(0.00751567337028619,-0.000121052844539157,-0.011));
#4450=CARTESIAN_POINT('',(0.00751567337028619,-0.000121052844539157,0.));
#4451=CARTESIAN_POINT('',(0.00749904513234171,-0.000119674989459684,0.));
#4452=CARTESIAN_POINT('',(0.00726652724703452,-0.000100408008171074,0.));
#4453=CARTESIAN_POINT('',(0.00749904513234171,-0.000119674989459684,0.015));
#4454=CARTESIAN_POINT('',(0.00749904513234171,-0.000119674989459684,0.011));
#4455=CARTESIAN_POINT('',(0.00751567337028619,-0.000121052844539157,0.011));
#4456=CARTESIAN_POINT('',(0.00726652724703452,-0.000100408008171074,0.011));
#4457=CARTESIAN_POINT('',(0.00726652724703452,-0.000100408008171074,-0.011));
#4458=CARTESIAN_POINT('',(0.00722523757429836,-0.000598700254674409,-0.011));
#4459=CARTESIAN_POINT('',(0.00722523757429836,-0.000598700254674409,0.));
#4460=CARTESIAN_POINT('',(0.00722523757429836,-0.000598700254674409,0.011));
#4461=CARTESIAN_POINT('',(-0.00714775925097458,0.00232584128652566,-0.011));
#4462=CARTESIAN_POINT('',(-0.00713158458801464,0.00232174530558201,0.015));
#4463=CARTESIAN_POINT('',(-0.00713158458801464,0.00232174530558201,0.011));
#4464=CARTESIAN_POINT('',(-0.00713158458801464,0.00232174530558201,0.));
#4465=CARTESIAN_POINT('',(-0.00714775925097458,0.00232584128652566,0.));
#4466=CARTESIAN_POINT('',(-0.00690540918448975,0.00226446991474046,0.));
#4467=CARTESIAN_POINT('',(-0.00690540918448975,0.00226446991474046,-0.011));
#4468=CARTESIAN_POINT('',(-0.00690540918448975,0.00226446991474046,0.011));
#4469=CARTESIAN_POINT('',(-0.00714775925097458,0.00232584128652566,0.011));
#4470=CARTESIAN_POINT('',(-0.00739324473811538,0.00135644102058633,-0.011));
#4471=CARTESIAN_POINT('',(-0.00739324473811538,0.00135644102058633,0.));
#4472=CARTESIAN_POINT('',(-0.00737707007515544,0.00135234503964267,0.));
#4473=CARTESIAN_POINT('',(-0.00715089467163055,0.00129506964880113,0.));
#4474=CARTESIAN_POINT('',(-0.00737707007515544,0.00135234503964267,0.015));
#4475=CARTESIAN_POINT('',(-0.00737707007515544,0.00135234503964267,0.011));
#4476=CARTESIAN_POINT('',(-0.00739324473811538,0.00135644102058633,0.011));
#4477=CARTESIAN_POINT('',(-0.00715089467163055,0.00129506964880113,0.011));
#4478=CARTESIAN_POINT('',(-0.00715089467163055,0.00129506964880113,-0.011));
#4479=CARTESIAN_POINT('',(-0.00702815192806015,0.00177976978177079,-0.011));
#4480=CARTESIAN_POINT('',(-0.00702815192806015,0.00177976978177079,0.));
#4481=CARTESIAN_POINT('',(-0.00702815192806015,0.00177976978177079,0.011));
#4482=CARTESIAN_POINT('',(0.,0.,0.014));
#4483=CARTESIAN_POINT('',(0.,6.4293956955236E-19,0.014));
#4484=CARTESIAN_POINT('',(0.0075,6.4293956955236E-19,0.014));
#4485=CARTESIAN_POINT('',(-0.0022260125,-0.0027388495,0.014));
#4486=CARTESIAN_POINT('',(-0.001534224,-0.003079914,0.014));
#4487=CARTESIAN_POINT('',(-0.002917801,-0.002397785,0.014));
#4488=CARTESIAN_POINT('',(-0.0034864485,-0.001870686,0.014));
#4489=CARTESIAN_POINT('',(-0.004055096,-0.001343587,0.014));
#4490=CARTESIAN_POINT('',(-0.004452894,-0.0006717935,0.014));
#4491=CARTESIAN_POINT('',(-0.004850692,0.,0.014));
#4492=CARTESIAN_POINT('',(-0.004452894,0.0006717935,0.014));
#4493=CARTESIAN_POINT('',(-0.004055096,0.001343587,0.014));
#4494=CARTESIAN_POINT('',(-0.0034864485,0.001870686,0.014));
#4495=CARTESIAN_POINT('',(-0.002917801,0.002397785,0.014));
#4496=CARTESIAN_POINT('',(-0.0022260125,0.0027388495,0.014));
#4497=CARTESIAN_POINT('',(-0.001534224,0.003079914,0.014));
#4498=CARTESIAN_POINT('',(-0.000767112,0.003193602,0.014));
#4499=CARTESIAN_POINT('',(8.88178419700125E-19,0.00330729,0.014));
#4500=CARTESIAN_POINT('',(0.000767112,0.003193602,0.014));
#4501=CARTESIAN_POINT('',(0.001534224,0.003079914,0.014));
#4502=CARTESIAN_POINT('',(0.0022260125,0.0027388495,0.014));
#4503=CARTESIAN_POINT('',(0.002917801,0.002397785,0.014));
#4504=CARTESIAN_POINT('',(0.0034864485,0.001870686,0.014));
#4505=CARTESIAN_POINT('',(0.004055096,0.001343587,0.014));
#4506=CARTESIAN_POINT('',(0.004452894,0.0006717935,0.014));
#4507=CARTESIAN_POINT('',(0.004850692,0.,0.014));
#4508=CARTESIAN_POINT('',(0.004452894,-0.0006717935,0.014));
#4509=CARTESIAN_POINT('',(0.004055096,-0.001343587,0.014));
#4510=CARTESIAN_POINT('',(0.0034864485,-0.001870686,0.014));
#4511=CARTESIAN_POINT('',(0.002917801,-0.002397785,0.014));
#4512=CARTESIAN_POINT('',(0.0022260125,-0.0027388495,0.014));
#4513=CARTESIAN_POINT('',(0.001534224,-0.003079914,0.014));
#4514=CARTESIAN_POINT('',(0.000767112,-0.003193602,0.014));
#4515=CARTESIAN_POINT('',(8.88178419700125E-19,-0.00330729,0.014));
#4516=CARTESIAN_POINT('',(-0.000767112,-0.003193602,0.014));
#4517=CARTESIAN_POINT('',(0.,6.4293956955236E-19,0.015));
#4518=CARTESIAN_POINT('',(0.,6.4293956955236E-19,-0.003));
#4519=CARTESIAN_POINT('',(0.0075,6.4293956955236E-19,-0.003));
#4520=CARTESIAN_POINT('',(0.,-4.59242549680257E-19,0.));
#4521=CARTESIAN_POINT('',(0.,6.4293956955236E-19,0.011));
#4522=CARTESIAN_POINT('',(0.,-4.59242549680257E-19,0.));
#4523=CARTESIAN_POINT('',(0.,6.4293956955236E-19,0.011));
#4524=CARTESIAN_POINT('',(0.,-4.59242549680257E-19,0.));
#4525=CARTESIAN_POINT('',(0.,6.4293956955236E-19,0.011));
#4526=CARTESIAN_POINT('',(0.,-4.59242549680257E-19,0.));
#4527=CARTESIAN_POINT('',(0.,6.4293956955236E-19,0.011));
#4528=CARTESIAN_POINT('',(0.,-4.59242549680257E-19,0.));
#4529=CARTESIAN_POINT('',(0.,6.4293956955236E-19,0.011));
#4530=CARTESIAN_POINT('',(0.,-4.59242549680257E-19,0.));
#4531=CARTESIAN_POINT('',(0.,6.4293956955236E-19,0.011));
#4532=CARTESIAN_POINT('',(0.,-4.59242549680257E-19,0.));
#4533=CARTESIAN_POINT('',(0.,6.4293956955236E-19,0.011));
#4534=CARTESIAN_POINT('',(0.,-4.59242549680257E-19,0.));
#4535=CARTESIAN_POINT('',(0.,6.4293956955236E-19,0.011));
#4536=CARTESIAN_POINT('',(0.,-4.59242549680257E-19,0.));
#4537=CARTESIAN_POINT('',(0.,6.4293956955236E-19,0.011));
#4538=CARTESIAN_POINT('',(0.,-4.59242549680257E-19,0.));
#4539=CARTESIAN_POINT('',(0.,6.4293956955236E-19,0.011));
#4540=CARTESIAN_POINT('',(0.,-4.59242549680257E-19,0.));
#4541=CARTESIAN_POINT('',(0.,6.4293956955236E-19,0.011));
#4542=CARTESIAN_POINT('',(0.,-4.59242549680257E-19,0.));
#4543=CARTESIAN_POINT('',(0.,6.4293956955236E-19,0.011));
#4544=CARTESIAN_POINT('',(0.,-4.59242549680257E-19,0.));
#4545=CARTESIAN_POINT('',(0.,6.4293956955236E-19,0.011));
#4546=CARTESIAN_POINT('',(0.,-4.59242549680257E-19,0.));
#4547=CARTESIAN_POINT('',(0.,6.4293956955236E-19,0.011));
#4548=CARTESIAN_POINT('',(0.,-4.59242549680257E-19,0.));
#4549=CARTESIAN_POINT('',(0.,6.4293956955236E-19,0.011));
#4550=CARTESIAN_POINT('',(0.,-4.59242549680257E-19,0.));
#4551=CARTESIAN_POINT('',(0.,6.4293956955236E-19,0.011));
#4552=CARTESIAN_POINT('',(0.,-4.59242549680257E-19,0.));
#4553=CARTESIAN_POINT('',(0.,6.4293956955236E-19,0.011));
#4554=CARTESIAN_POINT('',(0.,-4.59242549680257E-19,0.));
#4555=CARTESIAN_POINT('',(0.,6.4293956955236E-19,0.011));
#4556=CARTESIAN_POINT('',(0.,-4.59242549680257E-19,0.));
#4557=CARTESIAN_POINT('',(0.,6.4293956955236E-19,0.011));
#4558=CARTESIAN_POINT('',(0.,0.,0.011));
#4559=CARTESIAN_POINT('',(0.,0.,0.011));
#4560=CARTESIAN_POINT('',(0.,0.,0.011));
#4561=CARTESIAN_POINT('',(0.,0.,0.011));
#4562=CARTESIAN_POINT('',(0.,0.,0.011));
#4563=CARTESIAN_POINT('',(0.,0.,0.011));
#4564=CARTESIAN_POINT('',(0.,0.,0.011));
#4565=CARTESIAN_POINT('',(0.,0.,0.011));
#4566=CARTESIAN_POINT('',(0.,0.,0.011));
#4567=CARTESIAN_POINT('',(0.,0.,0.011));
#4568=CARTESIAN_POINT('',(0.,0.,0.011));
#4569=CARTESIAN_POINT('',(0.,0.,0.011));
#4570=CARTESIAN_POINT('',(0.,0.,0.011));
#4571=CARTESIAN_POINT('',(0.,0.,0.011));
#4572=CARTESIAN_POINT('',(0.,0.,0.011));
#4573=CARTESIAN_POINT('',(0.,0.,0.011));
#4574=CARTESIAN_POINT('',(0.,0.,0.011));
#4575=CARTESIAN_POINT('',(0.,0.,0.011));
#4576=CARTESIAN_POINT('',(0.,0.,0.011));
#4577=CARTESIAN_POINT('',(0.002879423,-0.001463214,0.013));
#4578=CARTESIAN_POINT('',(0.002879423,-0.001463214,0.014));
#4579=CARTESIAN_POINT('',(0.002397785,-0.001872257,0.014));
#4580=CARTESIAN_POINT('',(0.003361061,-0.001054171,0.014));
#4581=CARTESIAN_POINT('',(0.002397785,-0.001872257,0.013));
#4582=CARTESIAN_POINT('',(0.002397785,-0.001872257,0.013));
#4583=CARTESIAN_POINT('',(0.002879423,-0.001463214,0.013));
#4584=CARTESIAN_POINT('',(0.003361061,-0.001054171,0.013));
#4585=CARTESIAN_POINT('',(0.003361061,-0.001054171,0.013));
#4586=CARTESIAN_POINT('',(0.001716033,-0.002134773,0.013));
#4587=CARTESIAN_POINT('',(0.001716033,-0.002134773,0.014));
#4588=CARTESIAN_POINT('',(0.001034281,-0.002397289,0.014));
#4589=CARTESIAN_POINT('',(0.001034281,-0.002397289,0.013));
#4590=CARTESIAN_POINT('',(0.001034281,-0.002397289,0.013));
#4591=CARTESIAN_POINT('',(0.001716033,-0.002134773,0.013));
#4592=CARTESIAN_POINT('',(0.0005171405,-0.0024847945,0.013));
#4593=CARTESIAN_POINT('',(0.0005171405,-0.0024847945,0.014));
#4594=CARTESIAN_POINT('',(8.88178419700125E-19,-0.0025723,0.014));
#4595=CARTESIAN_POINT('',(8.88178419700125E-19,-0.0025723,0.013));
#4596=CARTESIAN_POINT('',(8.88178419700125E-19,-0.0025723,0.013));
#4597=CARTESIAN_POINT('',(0.0005171405,-0.0024847945,0.013));
#4598=CARTESIAN_POINT('',(-0.0006258495,-0.0024847945,0.013));
#4599=CARTESIAN_POINT('',(-0.0006258495,-0.0024847945,0.014));
#4600=CARTESIAN_POINT('',(-0.001251699,-0.002397289,0.014));
#4601=CARTESIAN_POINT('',(-0.001251699,-0.002397289,0.013));
#4602=CARTESIAN_POINT('',(-0.001251699,-0.002397289,0.013));
#4603=CARTESIAN_POINT('',(-0.0006258495,-0.0024847945,0.013));
#4604=CARTESIAN_POINT('',(-0.001824742,-0.002134773,0.013));
#4605=CARTESIAN_POINT('',(-0.001824742,-0.002134773,0.014));
#4606=CARTESIAN_POINT('',(-0.002397785,-0.001872257,0.014));
#4607=CARTESIAN_POINT('',(-0.002397785,-0.001872257,0.013));
#4608=CARTESIAN_POINT('',(-0.002397785,-0.001872257,0.013));
#4609=CARTESIAN_POINT('',(-0.001824742,-0.002134773,0.013));
#4610=CARTESIAN_POINT('',(-0.0028803325,-0.001463214,0.013));
#4611=CARTESIAN_POINT('',(-0.0028803325,-0.001463214,0.014));
#4612=CARTESIAN_POINT('',(-0.00336288,-0.001054171,0.014));
#4613=CARTESIAN_POINT('',(-0.00336288,-0.001054171,0.013));
#4614=CARTESIAN_POINT('',(-0.00336288,-0.001054171,0.013));
#4615=CARTESIAN_POINT('',(-0.0028803325,-0.001463214,0.013));
#4616=CARTESIAN_POINT('',(-0.0037172425,-0.0005270855,0.013));
#4617=CARTESIAN_POINT('',(-0.0037172425,-0.0005270855,0.014));
#4618=CARTESIAN_POINT('',(-0.004071605,0.,0.014));
#4619=CARTESIAN_POINT('',(-0.004071605,0.,0.013));
#4620=CARTESIAN_POINT('',(-0.004071605,0.,0.013));
#4621=CARTESIAN_POINT('',(-0.0037172425,-0.0005270855,0.013));
#4622=CARTESIAN_POINT('',(-0.0037172425,0.0005270855,0.013));
#4623=CARTESIAN_POINT('',(-0.0037172425,0.0005270855,0.014));
#4624=CARTESIAN_POINT('',(-0.00336288,0.001054171,0.014));
#4625=CARTESIAN_POINT('',(-0.00336288,0.001054171,0.013));
#4626=CARTESIAN_POINT('',(-0.00336288,0.001054171,0.013));
#4627=CARTESIAN_POINT('',(-0.0037172425,0.0005270855,0.013));
#4628=CARTESIAN_POINT('',(-0.0028803325,0.001463214,0.013));
#4629=CARTESIAN_POINT('',(-0.0028803325,0.001463214,0.014));
#4630=CARTESIAN_POINT('',(-0.002397785,0.001872257,0.014));
#4631=CARTESIAN_POINT('',(-0.002397785,0.001872257,0.013));
#4632=CARTESIAN_POINT('',(-0.002397785,0.001872257,0.013));
#4633=CARTESIAN_POINT('',(-0.0028803325,0.001463214,0.013));
#4634=CARTESIAN_POINT('',(-0.001716033,0.002134773,0.013));
#4635=CARTESIAN_POINT('',(-0.001716033,0.002134773,0.014));
#4636=CARTESIAN_POINT('',(-0.001034281,0.002397289,0.014));
#4637=CARTESIAN_POINT('',(-0.001034281,0.002397289,0.013));
#4638=CARTESIAN_POINT('',(-0.001034281,0.002397289,0.013));
#4639=CARTESIAN_POINT('',(-0.001716033,0.002134773,0.013));
#4640=CARTESIAN_POINT('',(-0.0005171405,0.0024847945,0.013));
#4641=CARTESIAN_POINT('',(-0.0005171405,0.0024847945,0.014));
#4642=CARTESIAN_POINT('',(8.88178419700125E-19,0.0025723,0.014));
#4643=CARTESIAN_POINT('',(8.88178419700125E-19,0.0025723,0.013));
#4644=CARTESIAN_POINT('',(8.88178419700125E-19,0.0025723,0.013));
#4645=CARTESIAN_POINT('',(-0.0005171405,0.0024847945,0.013));
#4646=CARTESIAN_POINT('',(0.0006258495,0.0024847945,0.013));
#4647=CARTESIAN_POINT('',(0.0006258495,0.0024847945,0.014));
#4648=CARTESIAN_POINT('',(0.001251699,0.002397289,0.014));
#4649=CARTESIAN_POINT('',(0.001251699,0.002397289,0.013));
#4650=CARTESIAN_POINT('',(0.001251699,0.002397289,0.013));
#4651=CARTESIAN_POINT('',(0.0006258495,0.0024847945,0.013));
#4652=CARTESIAN_POINT('',(0.001824742,0.002134773,0.013));
#4653=CARTESIAN_POINT('',(0.001824742,0.002134773,0.014));
#4654=CARTESIAN_POINT('',(0.002397785,0.001872257,0.014));
#4655=CARTESIAN_POINT('',(0.002397785,0.001872257,0.013));
#4656=CARTESIAN_POINT('',(0.002397785,0.001872257,0.013));
#4657=CARTESIAN_POINT('',(0.001824742,0.002134773,0.013));
#4658=CARTESIAN_POINT('',(0.002879423,0.001463214,0.013));
#4659=CARTESIAN_POINT('',(0.002879423,0.001463214,0.014));
#4660=CARTESIAN_POINT('',(0.003361061,0.001054171,0.014));
#4661=CARTESIAN_POINT('',(0.003361061,0.001054171,0.013));
#4662=CARTESIAN_POINT('',(0.003361061,0.001054171,0.013));
#4663=CARTESIAN_POINT('',(0.002879423,0.001463214,0.013));
#4664=CARTESIAN_POINT('',(0.003712695,0.0005270855,0.013));
#4665=CARTESIAN_POINT('',(0.003712695,0.0005270855,0.014));
#4666=CARTESIAN_POINT('',(0.004064329,2.16840434497101E-19,0.014));
#4667=CARTESIAN_POINT('',(0.004064329,0.,0.013));
#4668=CARTESIAN_POINT('',(0.004064329,0.,0.013));
#4669=CARTESIAN_POINT('',(0.003712695,0.0005270855,0.013));
#4670=CARTESIAN_POINT('',(-0.0034864485,-0.001870686,0.013));
#4671=CARTESIAN_POINT('',(-0.002917801,-0.002397785,0.013));
#4672=CARTESIAN_POINT('',(-0.002917801,-0.002397785,0.013));
#4673=CARTESIAN_POINT('',(-0.0034864485,-0.001870686,0.013));
#4674=CARTESIAN_POINT('',(-0.004055096,-0.001343587,0.013));
#4675=CARTESIAN_POINT('',(-0.004055096,-0.001343587,0.013));
#4676=CARTESIAN_POINT('',(-0.0022260125,-0.0027388495,0.013));
#4677=CARTESIAN_POINT('',(-0.001534224,-0.003079914,0.013));
#4678=CARTESIAN_POINT('',(-0.001534224,-0.003079914,0.013));
#4679=CARTESIAN_POINT('',(-0.0022260125,-0.0027388495,0.013));
#4680=CARTESIAN_POINT('',(-0.000767112,-0.003193602,0.013));
#4681=CARTESIAN_POINT('',(8.88178419700125E-19,-0.00330729,0.013));
#4682=CARTESIAN_POINT('',(8.88178419700125E-19,-0.00330729,0.013));
#4683=CARTESIAN_POINT('',(-0.000767112,-0.003193602,0.013));
#4684=CARTESIAN_POINT('',(0.000767112,-0.003193602,0.013));
#4685=CARTESIAN_POINT('',(0.001534224,-0.003079914,0.013));
#4686=CARTESIAN_POINT('',(0.001534224,-0.003079914,0.013));
#4687=CARTESIAN_POINT('',(0.000767112,-0.003193602,0.013));
#4688=CARTESIAN_POINT('',(0.0022260125,-0.0027388495,0.013));
#4689=CARTESIAN_POINT('',(0.002917801,-0.002397785,0.013));
#4690=CARTESIAN_POINT('',(0.002917801,-0.002397785,0.013));
#4691=CARTESIAN_POINT('',(0.0022260125,-0.0027388495,0.013));
#4692=CARTESIAN_POINT('',(0.0034864485,-0.001870686,0.013));
#4693=CARTESIAN_POINT('',(0.004055096,-0.001343587,0.013));
#4694=CARTESIAN_POINT('',(0.004055096,-0.001343587,0.013));
#4695=CARTESIAN_POINT('',(0.0034864485,-0.001870686,0.013));
#4696=CARTESIAN_POINT('',(0.004452894,-0.0006717935,0.013));
#4697=CARTESIAN_POINT('',(0.004850692,0.,0.013));
#4698=CARTESIAN_POINT('',(0.004850692,0.,0.013));
#4699=CARTESIAN_POINT('',(0.004452894,-0.0006717935,0.013));
#4700=CARTESIAN_POINT('',(0.004452894,0.0006717935,0.013));
#4701=CARTESIAN_POINT('',(0.004055096,0.001343587,0.013));
#4702=CARTESIAN_POINT('',(0.004055096,0.001343587,0.013));
#4703=CARTESIAN_POINT('',(0.004452894,0.0006717935,0.013));
#4704=CARTESIAN_POINT('',(0.0034864485,0.001870686,0.013));
#4705=CARTESIAN_POINT('',(0.002917801,0.002397785,0.013));
#4706=CARTESIAN_POINT('',(0.002917801,0.002397785,0.013));
#4707=CARTESIAN_POINT('',(0.0034864485,0.001870686,0.013));
#4708=CARTESIAN_POINT('',(0.0022260125,0.0027388495,0.013));
#4709=CARTESIAN_POINT('',(0.001534224,0.003079914,0.013));
#4710=CARTESIAN_POINT('',(0.001534224,0.003079914,0.013));
#4711=CARTESIAN_POINT('',(0.0022260125,0.0027388495,0.013));
#4712=CARTESIAN_POINT('',(0.000767112,0.003193602,0.013));
#4713=CARTESIAN_POINT('',(8.88178419700125E-19,0.00330729,0.013));
#4714=CARTESIAN_POINT('',(8.88178419700125E-19,0.00330729,0.013));
#4715=CARTESIAN_POINT('',(0.000767112,0.003193602,0.013));
#4716=CARTESIAN_POINT('',(-0.000767112,0.003193602,0.013));
#4717=CARTESIAN_POINT('',(-0.001534224,0.003079914,0.013));
#4718=CARTESIAN_POINT('',(-0.001534224,0.003079914,0.013));
#4719=CARTESIAN_POINT('',(-0.000767112,0.003193602,0.013));
#4720=CARTESIAN_POINT('',(-0.0022260125,0.0027388495,0.013));
#4721=CARTESIAN_POINT('',(-0.002917801,0.002397785,0.013));
#4722=CARTESIAN_POINT('',(-0.002917801,0.002397785,0.013));
#4723=CARTESIAN_POINT('',(-0.0022260125,0.0027388495,0.013));
#4724=CARTESIAN_POINT('',(-0.0034864485,0.001870686,0.013));
#4725=CARTESIAN_POINT('',(-0.004055096,0.001343587,0.013));
#4726=CARTESIAN_POINT('',(-0.004055096,0.001343587,0.013));
#4727=CARTESIAN_POINT('',(-0.0034864485,0.001870686,0.013));
#4728=CARTESIAN_POINT('',(-0.004452894,0.0006717935,0.013));
#4729=CARTESIAN_POINT('',(-0.004850692,0.,0.013));
#4730=CARTESIAN_POINT('',(-0.004850692,0.,0.013));
#4731=CARTESIAN_POINT('',(-0.004452894,0.0006717935,0.013));
#4732=CARTESIAN_POINT('',(-0.004452894,-0.0006717935,0.013));
#4733=CARTESIAN_POINT('',(-0.004452894,-0.0006717935,0.013));
#4734=CARTESIAN_POINT('',(0.003712695,-0.0005270855,0.013));
#4735=CARTESIAN_POINT('',(0.003712695,-0.0005270855,0.014));
#4736=CARTESIAN_POINT('',(0.003712695,-0.0005270855,0.013));
#4737=CARTESIAN_POINT('',(0.,0.,0.013));
#4738=CARTESIAN_POINT('',(0.,0.,0.014));
#4739=CARTESIAN_POINT('',(0.00097922,-0.0015628875,0.014));
#4740=CARTESIAN_POINT('',(0.000604325,-0.00177166,0.014));
#4741=CARTESIAN_POINT('',(0.001354115,-0.001354115,0.014));
#4742=CARTESIAN_POINT('',(0.0003021625,-0.001841251,0.014));
#4743=CARTESIAN_POINT('',(8.67361737988404E-19,-0.001910842,0.014));
#4744=CARTESIAN_POINT('',(-0.0003686115,-0.001841251,0.014));
#4745=CARTESIAN_POINT('',(-0.000737223,-0.00177166,0.014));
#4746=CARTESIAN_POINT('',(-0.001045669,-0.0015628875,0.014));
#4747=CARTESIAN_POINT('',(-0.001354115,-0.001354115,0.014));
#4748=CARTESIAN_POINT('',(-0.0015628875,-0.00097922,0.014));
#4749=CARTESIAN_POINT('',(-0.00177166,-0.000604325,0.014));
#4750=CARTESIAN_POINT('',(-0.001841251,-0.0003021625,0.014));
#4751=CARTESIAN_POINT('',(-0.001910842,0.,0.014));
#4752=CARTESIAN_POINT('',(-0.001841251,0.0003686115,0.014));
#4753=CARTESIAN_POINT('',(-0.00177166,0.000737223,0.014));
#4754=CARTESIAN_POINT('',(-0.0015628875,0.001045669,0.014));
#4755=CARTESIAN_POINT('',(-0.001354115,0.001354115,0.014));
#4756=CARTESIAN_POINT('',(-0.00097922,0.0015628875,0.014));
#4757=CARTESIAN_POINT('',(-0.000604325,0.00177166,0.014));
#4758=CARTESIAN_POINT('',(-0.0003021625,0.001841251,0.014));
#4759=CARTESIAN_POINT('',(8.88178419700125E-19,0.001910842,0.014));
#4760=CARTESIAN_POINT('',(0.0003686115,0.001841251,0.014));
#4761=CARTESIAN_POINT('',(0.000737223,0.00177166,0.014));
#4762=CARTESIAN_POINT('',(0.001045669,0.0015628875,0.014));
#4763=CARTESIAN_POINT('',(0.001354115,0.001354115,0.014));
#4764=CARTESIAN_POINT('',(0.0015628875,0.00097922,0.014));
#4765=CARTESIAN_POINT('',(0.00177166,0.000604325,0.014));
#4766=CARTESIAN_POINT('',(0.001841251,0.0003021625,0.014));
#4767=CARTESIAN_POINT('',(0.001910842,0.,0.014));
#4768=CARTESIAN_POINT('',(0.001841251,-0.0003686115,0.014));
#4769=CARTESIAN_POINT('',(0.00177166,-0.000737223,0.014));
#4770=CARTESIAN_POINT('',(0.0015628875,-0.001045669,0.014));
#4771=CARTESIAN_POINT('',(0.00097922,-0.0015628875,0.013));
#4772=CARTESIAN_POINT('',(0.001354115,-0.001354115,0.013));
#4773=CARTESIAN_POINT('',(0.001354115,-0.001354115,0.013));
#4774=CARTESIAN_POINT('',(0.00097922,-0.0015628875,0.013));
#4775=CARTESIAN_POINT('',(0.000604325,-0.00177166,0.013));
#4776=CARTESIAN_POINT('',(0.000604325,-0.00177166,0.013));
#4777=CARTESIAN_POINT('',(0.0015628875,-0.001045669,0.013));
#4778=CARTESIAN_POINT('',(0.00177166,-0.000737223,0.013));
#4779=CARTESIAN_POINT('',(0.00177166,-0.000737223,0.013));
#4780=CARTESIAN_POINT('',(0.0015628875,-0.001045669,0.013));
#4781=CARTESIAN_POINT('',(0.001841251,-0.0003686115,0.013));
#4782=CARTESIAN_POINT('',(0.001910842,0.,0.013));
#4783=CARTESIAN_POINT('',(0.001910842,0.,0.013));
#4784=CARTESIAN_POINT('',(0.001841251,-0.0003686115,0.013));
#4785=CARTESIAN_POINT('',(0.001841251,0.0003021625,0.013));
#4786=CARTESIAN_POINT('',(0.00177166,0.000604325,0.013));
#4787=CARTESIAN_POINT('',(0.00177166,0.000604325,0.013));
#4788=CARTESIAN_POINT('',(0.001841251,0.0003021625,0.013));
#4789=CARTESIAN_POINT('',(0.0015628875,0.00097922,0.013));
#4790=CARTESIAN_POINT('',(0.001354115,0.001354115,0.013));
#4791=CARTESIAN_POINT('',(0.001354115,0.001354115,0.013));
#4792=CARTESIAN_POINT('',(0.0015628875,0.00097922,0.013));
#4793=CARTESIAN_POINT('',(0.001045669,0.0015628875,0.013));
#4794=CARTESIAN_POINT('',(0.000737223,0.00177166,0.013));
#4795=CARTESIAN_POINT('',(0.000737223,0.00177166,0.013));
#4796=CARTESIAN_POINT('',(0.001045669,0.0015628875,0.013));
#4797=CARTESIAN_POINT('',(0.0003686115,0.001841251,0.013));
#4798=CARTESIAN_POINT('',(8.88178419700125E-19,0.001910842,0.013));
#4799=CARTESIAN_POINT('',(8.88178419700125E-19,0.001910842,0.013));
#4800=CARTESIAN_POINT('',(0.0003686115,0.001841251,0.013));
#4801=CARTESIAN_POINT('',(-0.0003021625,0.001841251,0.013));
#4802=CARTESIAN_POINT('',(-0.000604325,0.00177166,0.013));
#4803=CARTESIAN_POINT('',(-0.000604325,0.00177166,0.013));
#4804=CARTESIAN_POINT('',(-0.0003021625,0.001841251,0.013));
#4805=CARTESIAN_POINT('',(-0.00097922,0.0015628875,0.013));
#4806=CARTESIAN_POINT('',(-0.001354115,0.001354115,0.013));
#4807=CARTESIAN_POINT('',(-0.001354115,0.001354115,0.013));
#4808=CARTESIAN_POINT('',(-0.00097922,0.0015628875,0.013));
#4809=CARTESIAN_POINT('',(-0.0015628875,0.001045669,0.013));
#4810=CARTESIAN_POINT('',(-0.00177166,0.000737223,0.013));
#4811=CARTESIAN_POINT('',(-0.00177166,0.000737223,0.013));
#4812=CARTESIAN_POINT('',(-0.0015628875,0.001045669,0.013));
#4813=CARTESIAN_POINT('',(-0.001841251,0.0003686115,0.013));
#4814=CARTESIAN_POINT('',(-0.001910842,0.,0.013));
#4815=CARTESIAN_POINT('',(-0.001910842,0.,0.013));
#4816=CARTESIAN_POINT('',(-0.001841251,0.0003686115,0.013));
#4817=CARTESIAN_POINT('',(-0.001841251,-0.0003021625,0.013));
#4818=CARTESIAN_POINT('',(-0.00177166,-0.000604325,0.013));
#4819=CARTESIAN_POINT('',(-0.00177166,-0.000604325,0.013));
#4820=CARTESIAN_POINT('',(-0.001841251,-0.0003021625,0.013));
#4821=CARTESIAN_POINT('',(-0.0015628875,-0.00097922,0.013));
#4822=CARTESIAN_POINT('',(-0.001354115,-0.001354115,0.013));
#4823=CARTESIAN_POINT('',(-0.001354115,-0.001354115,0.013));
#4824=CARTESIAN_POINT('',(-0.0015628875,-0.00097922,0.013));
#4825=CARTESIAN_POINT('',(-0.001045669,-0.0015628875,0.013));
#4826=CARTESIAN_POINT('',(-0.000737223,-0.00177166,0.013));
#4827=CARTESIAN_POINT('',(-0.000737223,-0.00177166,0.013));
#4828=CARTESIAN_POINT('',(-0.001045669,-0.0015628875,0.013));
#4829=CARTESIAN_POINT('',(-0.0003686115,-0.001841251,0.013));
#4830=CARTESIAN_POINT('',(8.88178419700125E-19,-0.001910842,0.013));
#4831=CARTESIAN_POINT('',(8.88178419700125E-19,-0.001910842,0.013));
#4832=CARTESIAN_POINT('',(-0.0003686115,-0.001841251,0.013));
#4833=CARTESIAN_POINT('',(-0.000432704,-0.0010427335,0.013));
#4834=CARTESIAN_POINT('',(-0.000432704,-0.0010427335,0.014));
#4835=CARTESIAN_POINT('',(8.88178419700125E-19,-0.001220059,0.014));
#4836=CARTESIAN_POINT('',(-0.000865408,-0.000865408,0.014));
#4837=CARTESIAN_POINT('',(-0.000865408,-0.000865408,0.013));
#4838=CARTESIAN_POINT('',(-0.000865408,-0.000865408,0.013));
#4839=CARTESIAN_POINT('',(-0.000432704,-0.0010427335,0.013));
#4840=CARTESIAN_POINT('',(8.88178419700125E-19,-0.001220059,0.013));
#4841=CARTESIAN_POINT('',(8.88178419700125E-19,-0.001220059,0.013));
#4842=CARTESIAN_POINT('',(-0.000998402,-0.000668569,0.013));
#4843=CARTESIAN_POINT('',(-0.000998402,-0.000668569,0.014));
#4844=CARTESIAN_POINT('',(-0.001131396,-0.00047173,0.014));
#4845=CARTESIAN_POINT('',(-0.001131396,-0.00047173,0.013));
#4846=CARTESIAN_POINT('',(-0.001131396,-0.00047173,0.013));
#4847=CARTESIAN_POINT('',(-0.000998402,-0.000668569,0.013));
#4848=CARTESIAN_POINT('',(-0.0011757275,-0.000235865,0.013));
#4849=CARTESIAN_POINT('',(-0.0011757275,-0.000235865,0.014));
#4850=CARTESIAN_POINT('',(-0.001220059,0.,0.014));
#4851=CARTESIAN_POINT('',(-0.001220059,0.,0.013));
#4852=CARTESIAN_POINT('',(-0.001220059,0.,0.013));
#4853=CARTESIAN_POINT('',(-0.0011757275,-0.000235865,0.013));
#4854=CARTESIAN_POINT('',(-0.0010427335,0.000432704,0.013));
#4855=CARTESIAN_POINT('',(-0.0010427335,0.000432704,0.014));
#4856=CARTESIAN_POINT('',(-0.000865408,0.000865408,0.014));
#4857=CARTESIAN_POINT('',(-0.000865408,0.000865408,0.013));
#4858=CARTESIAN_POINT('',(-0.000865408,0.000865408,0.013));
#4859=CARTESIAN_POINT('',(-0.0010427335,0.000432704,0.013));
#4860=CARTESIAN_POINT('',(-0.000668569,0.000998402,0.013));
#4861=CARTESIAN_POINT('',(-0.000668569,0.000998402,0.014));
#4862=CARTESIAN_POINT('',(-0.00047173,0.001131396,0.014));
#4863=CARTESIAN_POINT('',(-0.00047173,0.001131396,0.013));
#4864=CARTESIAN_POINT('',(-0.00047173,0.001131396,0.013));
#4865=CARTESIAN_POINT('',(-0.000668569,0.000998402,0.013));
#4866=CARTESIAN_POINT('',(-0.000235865,0.0011757275,0.013));
#4867=CARTESIAN_POINT('',(-0.000235865,0.0011757275,0.014));
#4868=CARTESIAN_POINT('',(8.88178419700125E-19,0.001220059,0.014));
#4869=CARTESIAN_POINT('',(8.88178419700125E-19,0.001220059,0.013));
#4870=CARTESIAN_POINT('',(8.88178419700125E-19,0.001220059,0.013));
#4871=CARTESIAN_POINT('',(-0.000235865,0.0011757275,0.013));
#4872=CARTESIAN_POINT('',(0.000432704,0.0010427335,0.013));
#4873=CARTESIAN_POINT('',(0.000432704,0.0010427335,0.014));
#4874=CARTESIAN_POINT('',(0.000865408,0.000865408,0.014));
#4875=CARTESIAN_POINT('',(0.000865408,0.000865408,0.013));
#4876=CARTESIAN_POINT('',(0.000865408,0.000865408,0.013));
#4877=CARTESIAN_POINT('',(0.000432704,0.0010427335,0.013));
#4878=CARTESIAN_POINT('',(0.000998402,0.000668569,0.013));
#4879=CARTESIAN_POINT('',(0.000998402,0.000668569,0.014));
#4880=CARTESIAN_POINT('',(0.001131396,0.00047173,0.014));
#4881=CARTESIAN_POINT('',(0.001131396,0.00047173,0.013));
#4882=CARTESIAN_POINT('',(0.001131396,0.00047173,0.013));
#4883=CARTESIAN_POINT('',(0.000998402,0.000668569,0.013));
#4884=CARTESIAN_POINT('',(0.0011757275,0.000235865,0.013));
#4885=CARTESIAN_POINT('',(0.0011757275,0.000235865,0.014));
#4886=CARTESIAN_POINT('',(0.001220059,0.,0.014));
#4887=CARTESIAN_POINT('',(0.001220059,0.,0.013));
#4888=CARTESIAN_POINT('',(0.001220059,0.,0.013));
#4889=CARTESIAN_POINT('',(0.0011757275,0.000235865,0.013));
#4890=CARTESIAN_POINT('',(0.0010427335,-0.000432704,0.013));
#4891=CARTESIAN_POINT('',(0.0010427335,-0.000432704,0.014));
#4892=CARTESIAN_POINT('',(0.000865408,-0.000865408,0.014));
#4893=CARTESIAN_POINT('',(0.000865408,-0.000865408,0.013));
#4894=CARTESIAN_POINT('',(0.000865408,-0.000865408,0.013));
#4895=CARTESIAN_POINT('',(0.0010427335,-0.000432704,0.013));
#4896=CARTESIAN_POINT('',(0.000668569,-0.000998402,0.013));
#4897=CARTESIAN_POINT('',(0.000668569,-0.000998402,0.014));
#4898=CARTESIAN_POINT('',(0.00047173,-0.001131396,0.014));
#4899=CARTESIAN_POINT('',(0.00047173,-0.001131396,0.013));
#4900=CARTESIAN_POINT('',(0.00047173,-0.001131396,0.013));
#4901=CARTESIAN_POINT('',(0.000668569,-0.000998402,0.013));
#4902=CARTESIAN_POINT('',(0.000235865,-0.0011757275,0.013));
#4903=CARTESIAN_POINT('',(0.000235865,-0.0011757275,0.014));
#4904=CARTESIAN_POINT('',(0.000235865,-0.0011757275,0.013));
#4905=CARTESIAN_POINT('',(0.0003021625,-0.001841251,0.013));
#4906=CARTESIAN_POINT('',(0.0003021625,-0.001841251,0.013));
#4907=CARTESIAN_POINT('',(0.,0.,0.013));
#4908=CARTESIAN_POINT('',(0.,0.,0.014));
#4909=CARTESIAN_POINT('',(0.,0.,-0.003));
#4910=CARTESIAN_POINT('',(0.,3.67394039744206E-19,-0.003));
#4911=CARTESIAN_POINT('',(-0.0045,3.67394039744206E-19,-0.003));
#4912=CARTESIAN_POINT('',(0.,0.,0.011));
#4913=CARTESIAN_POINT('',(0.,1.83697019872103E-19,0.011));
#4914=CARTESIAN_POINT('',(0.00259807621135332,-0.0015,0.011));
#4915=CARTESIAN_POINT('',(-0.00259807621135332,-0.0015,0.011));
#4916=CARTESIAN_POINT('',(-0.00129903810567666,-0.0015,0.011));
#4917=CARTESIAN_POINT('',(-0.00129903810567666,-0.0015,0.011002));
#4918=CARTESIAN_POINT('',(0.00259807621135332,-0.0015,0.011002));
#4919=CARTESIAN_POINT('',(0.00259807621135332,-0.0015,0.));
#4920=CARTESIAN_POINT('',(-0.00129903810567666,-0.0015,0.));
#4921=CARTESIAN_POINT('',(-0.00259807621135332,-0.0015,0.));
#4922=CARTESIAN_POINT('',(-0.00259807621135332,-0.0015,0.011002));
#4923=CARTESIAN_POINT('',(0.,1.83697019872103E-19,0.012));
#4924=CARTESIAN_POINT('',(0.,1.83697019872103E-19,0.));
#4925=CARTESIAN_POINT('',(0.,0.,0.));
#4926=CARTESIAN_POINT('',(0.,3.67394039744206E-19,0.));
#4927=CARTESIAN_POINT('',(0.0045,3.67394039744206E-19,0.));
#4928=CARTESIAN_POINT('',(0.,3.67394039744206E-19,-0.008));
#4929=CARTESIAN_POINT('',(0.,0.,0.));
#4930=CARTESIAN_POINT('',(0.,0.,0.));
#4931=CARTESIAN_POINT('',(0.,0.,0.));
#4932=CARTESIAN_POINT('',(0.,0.,0.));
#4933=CARTESIAN_POINT('',(0.,0.,0.));
#4934=CARTESIAN_POINT('',(0.,0.,0.));
#4935=CARTESIAN_POINT('',(0.,0.,0.));
#4936=CARTESIAN_POINT('',(0.,0.,0.));
#4937=CARTESIAN_POINT('',(0.,0.,0.));
#4938=CARTESIAN_POINT('',(0.,0.,0.));
#4939=CARTESIAN_POINT('',(0.,0.,0.));
#4940=CARTESIAN_POINT('',(0.,0.,0.));
#4941=CARTESIAN_POINT('',(0.,0.,0.));
#4942=CARTESIAN_POINT('',(0.,0.,0.));
#4943=CARTESIAN_POINT('',(0.,0.,0.));
#4944=CARTESIAN_POINT('',(0.,0.,0.));
#4945=CARTESIAN_POINT('',(0.,0.,0.));
#4946=CARTESIAN_POINT('',(0.,0.,0.));
#4947=CARTESIAN_POINT('',(0.,0.,0.));
#4948=MECHANICAL_DESIGN_GEOMETRIC_PRESENTATION_REPRESENTATION('',(#3061),
#4949);
#4949=(
GEOMETRIC_REPRESENTATION_CONTEXT(3)
GLOBAL_UNCERTAINTY_ASSIGNED_CONTEXT((#4950))
GLOBAL_UNIT_ASSIGNED_CONTEXT((#4953,#4952,#4951))
REPRESENTATION_CONTEXT('Part 1','TOP_LEVEL_ASSEMBLY_PART')
);
#4950=UNCERTAINTY_MEASURE_WITH_UNIT(LENGTH_MEASURE(1.E-8),#4953,
'DISTANCE_ACCURACY_VALUE','Maximum Tolerance applied to model');
#4951=(
NAMED_UNIT(*)
SI_UNIT($,.STERADIAN.)
SOLID_ANGLE_UNIT()
);
#4952=(
NAMED_UNIT(*)
PLANE_ANGLE_UNIT()
SI_UNIT($,.RADIAN.)
);
#4953=(
LENGTH_UNIT()
NAMED_UNIT(*)
SI_UNIT($,.METRE.)
);
#4954=PRODUCT_DEFINITION_SHAPE('','',#4955);
#4955=PRODUCT_DEFINITION('','',#4957,#4956);
#4956=PRODUCT_DEFINITION_CONTEXT('',#4963,'design');
#4957=PRODUCT_DEFINITION_FORMATION_WITH_SPECIFIED_SOURCE('','',#4959,
 .NOT_KNOWN.);
#4958=PRODUCT_RELATED_PRODUCT_CATEGORY('','',(#4959));
#4959=PRODUCT('Part 1','Part 1','Part 1',(#4961));
#4960=PRODUCT_CATEGORY('','');
#4961=PRODUCT_CONTEXT('',#4963,'mechanical');
#4962=APPLICATION_PROTOCOL_DEFINITION('international standard',
'ap242_managed_model_based_3d_engineering',2020,#4963);
#4963=APPLICATION_CONTEXT('managed model based 3d engineering');
ENDSEC;
END-ISO-10303-21;
